-- phpMyAdmin SQL Dump
-- version 4.7.4
-- https://www.phpmyadmin.net/
--
-- Máy chủ: 127.0.0.1
-- Thời gian đã tạo: Th6 18, 2019 lúc 04:42 PM
-- Phiên bản máy phục vụ: 10.1.30-MariaDB
-- Phiên bản PHP: 5.6.33

SET SQL_MODE = "NO_AUTO_VALUE_ON_ZERO";
SET AUTOCOMMIT = 0;
START TRANSACTION;
SET time_zone = "+00:00";


/*!40101 SET @OLD_CHARACTER_SET_CLIENT=@@CHARACTER_SET_CLIENT */;
/*!40101 SET @OLD_CHARACTER_SET_RESULTS=@@CHARACTER_SET_RESULTS */;
/*!40101 SET @OLD_COLLATION_CONNECTION=@@COLLATION_CONNECTION */;
/*!40101 SET NAMES utf8mb4 */;

--
-- Cơ sở dữ liệu: `webtintuc`
--

-- --------------------------------------------------------

--
-- Cấu trúc bảng cho bảng `binhluan`
--

CREATE TABLE `binhluan` (
  `id_cm` int(11) NOT NULL,
  `noidung` varchar(100) COLLATE utf8mb4_unicode_ci NOT NULL,
  `thoigian` datetime NOT NULL DEFAULT CURRENT_TIMESTAMP,
  `id_news` int(11) NOT NULL,
  `id_user` int(11) NOT NULL,
  `xetduyet` int(11) NOT NULL DEFAULT '1'
) ENGINE=InnoDB DEFAULT CHARSET=utf8mb4 COLLATE=utf8mb4_unicode_ci;

--
-- Đang đổ dữ liệu cho bảng `binhluan`
--

INSERT INTO `binhluan` (`id_cm`, `noidung`, `thoigian`, `id_news`, `id_user`, `xetduyet`) VALUES
(1, 'Nội dung bình luận 1', '2019-05-07 16:51:46', 1, 2, 2),
(2, 'Nội dung bình luận 2', '2019-05-07 16:51:46', 1, 3, 2),
(3, 'hihi hay qua', '2019-06-04 10:21:55', 24, 3, 2),
(4, 'test bình luận', '2019-06-04 10:42:08', 24, 1, 2),
(5, 'test bình luận', '2019-06-04 10:45:57', 24, 4, 2);

-- --------------------------------------------------------

--
-- Cấu trúc bảng cho bảng `chuyenmuc`
--

CREATE TABLE `chuyenmuc` (
  `id_cate` int(11) NOT NULL,
  `ten` varchar(30) COLLATE utf8mb4_unicode_ci NOT NULL,
  `vitri` int(11) NOT NULL,
  `trangthai` int(11) NOT NULL DEFAULT '1'
) ENGINE=InnoDB DEFAULT CHARSET=utf8mb4 COLLATE=utf8mb4_unicode_ci;

--
-- Đang đổ dữ liệu cho bảng `chuyenmuc`
--

INSERT INTO `chuyenmuc` (`id_cate`, `ten`, `vitri`, `trangthai`) VALUES
(1, 'Thời sự', 1, 2),
(2, 'Thế giới', 2, 2),
(3, 'Giải trí', 3, 2),
(4, 'Thể thao', 4, 2),
(5, 'Kinh doanh', 5, 2),
(6, 'Công nghệ', 6, 2),
(7, 'Sống trẻ', 7, 2),
(8, 'Pháp luật', 8, 2);

-- --------------------------------------------------------

--
-- Cấu trúc bảng cho bảng `hinhanh`
--

CREATE TABLE `hinhanh` (
  `id_img` int(11) NOT NULL,
  `url` varchar(100) COLLATE utf8mb4_unicode_ci NOT NULL,
  `type` varchar(20) COLLATE utf8mb4_unicode_ci NOT NULL,
  `size` int(11) NOT NULL,
  `thoigian` datetime NOT NULL DEFAULT CURRENT_TIMESTAMP,
  `id_news` int(11) NOT NULL,
  `id_user` int(11) NOT NULL
) ENGINE=InnoDB DEFAULT CHARSET=utf8mb4 COLLATE=utf8mb4_unicode_ci;

--
-- Đang đổ dữ liệu cho bảng `hinhanh`
--

INSERT INTO `hinhanh` (`id_img`, `url`, `type`, `size`, `thoigian`, `id_news`, `id_user`) VALUES
(1, 'img/thethao_1.jpg', 'image/jpeg', 32063, '2019-05-23 13:37:50', 1, 3),
(2, 'img/firmino.jpg', 'image/jpeg', 48111, '2019-05-23 13:42:32', 1, 3),
(3, 'img/salah.jpg', 'image/jpeg', 63045, '2019-05-23 13:42:32', 1, 3),
(4, 'img/phapluat_3.jpg', 'image/jpeg', 66507, '2019-05-23 15:16:56', 2, 2),
(5, 'img/phapluat_2.jpg', 'image/jpeg', 48803, '2019-05-23 15:18:56', 23, 3),
(6, 'img/thegioi_3.jpg', 'image/jpeg', 43082, '2019-05-23 15:53:14', 22, 2),
(7, 'img/thegioi_2.jpg', 'image/jpeg', 40916, '2019-05-23 15:59:52', 21, 3),
(8, 'img/tau_san_bay.jpg', 'image/jpeg', 71329, '2019-05-23 16:03:16', 21, 3),
(9, 'img/kinhdoanh_3.jpeg', 'image/jpeg', 61176, '2019-05-23 16:06:17', 20, 2),
(10, 'img/Viettel_hoi_tu_10_thi_truong_quoc_te.jpg', 'image/jpeg', 170841, '2019-05-23 16:08:05', 20, 2),
(11, 'img/kinhdoanh_2.jpg', 'image/jpeg', 38195, '2019-05-23 16:10:56', 19, 3),
(12, 'img/dany.jpg', 'image/jpeg', 96159, '2019-05-23 16:12:34', 19, 3),
(13, 'img/congnghe_3.jpg', 'image/jpeg', 60907, '2019-05-23 16:15:47', 18, 2),
(14, 'img/congnghe_2.jpg', 'image/jpeg', 31770, '2019-05-23 16:24:38', 17, 2),
(15, 'img/congnghe_nhandien.jpg', 'image/jpeg', 68089, '2019-05-23 16:24:48', 17, 2),
(16, 'img/songtre_3.jpg', 'image/jpeg', 45107, '2019-05-23 16:28:06', 16, 3),
(17, 'img/vicky_chen1.jpg', 'image/jpeg', 132005, '2019-05-23 16:29:21', 16, 3),
(18, 'img/vicky_chen2.jpg', 'image/jpeg', 64063, '2019-05-23 16:29:21', 16, 3),
(19, 'img/vicky_chen3.jpg', 'image/jpeg', 83962, '2019-05-23 16:29:21', 16, 3),
(20, 'img/songtre_2.jpg', 'image/jpeg', 38682, '2019-05-23 16:40:44', 15, 2),
(21, 'img/thuockttk.jpg', 'image/jpeg', 81543, '2019-05-23 16:40:44', 15, 2),
(22, 'img/deadpool1.jpg', 'image/jpeg', 91837, '2019-05-23 16:45:25', 14, 3),
(23, 'img/giaitri_3.jpg', 'image/jpeg', 45050, '2019-05-23 16:45:25', 14, 3),
(24, 'img/giaitri_2.jpg', 'image/jpeg', 30801, '2019-05-23 16:49:29', 13, 3),
(25, 'img/xuannghi01.jpg', 'image/jpeg', 65277, '2019-05-23 16:50:20', 13, 3),
(30, 'img/thethao_3.jpg', 'image/jpeg', 10895, '2019-05-23 17:17:13', 11, 2),
(32, 'img/quanghai1.jpg', 'image/jpeg', 65295, '2019-05-23 17:19:31', 11, 2),
(33, 'img/quanghai2.jpg', 'image/jpeg', 75035, '2019-05-23 17:19:31', 11, 2),
(34, 'img/huyenbinhson.jpg', 'image/jpeg', 147324, '2019-05-23 17:24:53', 12, 3),
(35, 'img/thoisu_3.jpg', 'image/jpeg', 104289, '2019-05-23 17:24:53', 12, 3),
(36, 'img/cdvliver.jpg', 'image/jpeg', 101510, '2019-05-23 21:05:23', 10, 3),
(37, 'img/suarez1.jpg', 'image/jpeg', 99954, '2019-05-23 21:05:23', 10, 3),
(38, 'img/thethao_2.jpg', 'image/jpeg', 51738, '2019-05-23 21:05:24', 10, 3),
(39, 'img/thoisu_2.jpg', 'image/jpeg', 61402, '2019-05-23 21:10:41', 9, 2),
(40, 'img/phapluat_1.jpg', 'image/jpeg', 66813, '2019-05-23 21:13:12', 8, 3),
(41, 'img/songtre_1.jpg', 'image/jpeg', 34741, '2019-05-23 21:26:10', 7, 2),
(42, 'img/soojoo1.jpg', 'image/jpeg', 146367, '2019-05-23 21:26:10', 7, 2),
(43, 'img/soojoo2.jpg', 'image/jpeg', 126403, '2019-05-23 21:31:32', 7, 2),
(44, 'img/kinhdoanh_1.jpg', 'image/jpeg', 48509, '2019-05-23 21:41:48', 6, 3),
(45, 'img/thoisu_1.jpg', 'image/jpeg', 76288, '2019-05-23 21:43:57', 5, 2),
(46, 'img/everest_1.jpg', 'image/jpeg', 218444, '2019-05-23 21:55:54', 4, 3),
(47, 'img/everest_2.jpg', 'image/jpeg', 226561, '2019-05-23 21:55:54', 4, 3),
(48, 'img/thegioi_1.jpg', 'image/jpeg', 77611, '2019-05-23 21:55:54', 4, 3),
(49, 'img/giaitri_1.jpg', 'image/jpeg', 32345, '2019-05-23 22:00:13', 3, 2),
(50, 'img/thor1.jpg', 'image/jpeg', 75388, '2019-05-23 22:00:13', 3, 2),
(51, 'img/thor2.jpg', 'image/jpeg', 71635, '2019-05-23 22:00:13', 3, 2),
(52, 'img/bocau1.jpg', 'image/jpeg', 60170, '2019-05-23 22:06:42', 24, 2),
(53, 'img/cavoi1.jpg', 'image/jpeg', 56951, '2019-05-23 22:06:42', 24, 2),
(54, 'img/congnghe_1.jpg', 'image/jpeg', 57259, '2019-05-23 22:06:42', 24, 2),
(55, 'img/meoquansu1.jpg', 'image/jpeg', 105592, '2019-05-23 22:06:42', 24, 2);

-- --------------------------------------------------------

--
-- Cấu trúc bảng cho bảng `taikhoan`
--

CREATE TABLE `taikhoan` (
  `id_user` int(11) NOT NULL,
  `taikhoan` varchar(32) COLLATE utf8mb4_unicode_ci NOT NULL,
  `matkhau` varchar(100) COLLATE utf8mb4_unicode_ci NOT NULL,
  `dienthoai` varchar(10) COLLATE utf8mb4_unicode_ci NOT NULL,
  `email` varchar(100) COLLATE utf8mb4_unicode_ci NOT NULL,
  `tenhienthi` varchar(32) COLLATE utf8mb4_unicode_ci NOT NULL,
  `level` int(11) NOT NULL DEFAULT '1'
) ENGINE=InnoDB DEFAULT CHARSET=utf8mb4 COLLATE=utf8mb4_unicode_ci;

--
-- Đang đổ dữ liệu cho bảng `taikhoan`
--

INSERT INTO `taikhoan` (`id_user`, `taikhoan`, `matkhau`, `dienthoai`, `email`, `tenhienthi`, `level`) VALUES
(1, 'admin', '123', '123', '123', 'Admin', 3),
(2, 'lalisa', '123', '0333333333', 'lalisa@gmail.com', 'Lisa', 2),
(3, 'jennie', '123', '0366666666', 'jennie@gmail.com', 'Jennie', 2),
(4, 'dung123', '123123', '123123', 'dung@gmail.com', 'Dũng Nguyễn', 1);

-- --------------------------------------------------------

--
-- Cấu trúc bảng cho bảng `tintuc`
--

CREATE TABLE `tintuc` (
  `id_news` int(11) NOT NULL,
  `tieude` varchar(100) COLLATE utf8mb4_unicode_ci NOT NULL,
  `mota` varchar(300) COLLATE utf8mb4_unicode_ci NOT NULL,
  `logo` varchar(100) COLLATE utf8mb4_unicode_ci NOT NULL,
  `ngaytao` datetime NOT NULL DEFAULT CURRENT_TIMESTAMP,
  `noidung` text COLLATE utf8mb4_unicode_ci NOT NULL,
  `luotxem` int(11) NOT NULL DEFAULT '0',
  `xetduyet` int(11) NOT NULL DEFAULT '1',
  `id_user` int(11) NOT NULL,
  `id_cate` int(11) NOT NULL
) ENGINE=InnoDB DEFAULT CHARSET=utf8mb4 COLLATE=utf8mb4_unicode_ci;

--
-- Đang đổ dữ liệu cho bảng `tintuc`
--

INSERT INTO `tintuc` (`id_news`, `tieude`, `mota`, `logo`, `ngaytao`, `noidung`, `luotxem`, `xetduyet`, `id_user`, `id_cate`) VALUES
(1, 'Liverpool liên tiếp mất trụ cột trước trận đấu với Barca', 'Tham vọng lội ngược dòng trước Barca dù thua 0-3 ở lượt đi bán kết Champions League của Liverpool bị giáng đòn nặng nề khi \"The Kop\" liên tục chịu tổn thất lực lượng.', 'img/thethao_1.jpg', '2019-06-18 21:40:50', '<p>Sau khi tiền vệ Naby Keita d&iacute;nh chấn thương h&aacute;ng trong trận lượt đi b&aacute;n kết Champions League tại Nou Camp v&agrave; sẽ kh&ocirc;ng thể g&oacute;p mặt ở trận lượt về giữa hai đội tại Anfield, tới lượt Roberto Firmino chịu chung số phận.</p>\r\n\r\n<p>Đ&iacute;ch th&acirc;n HLV Juergen Klopp khẳng định điều n&agrave;y trong cuộc họp b&aacute;o sau chiến thắng 3-2 trước Newcastle. &quot;Firmino kh&ocirc;ng đủ thể lực để chuẩn bị cho trận đấu với Barca, phần c&ograve;n lại của đội th&igrave; h&atilde;y chờ xem&quot;, nh&agrave; cầm qu&acirc;n người Đức n&oacute;i.</p>\r\n\r\n<p><img src=\"http://localhost:8080/webtintuc//img/firmino.jpg\" /></p>\r\n\r\n<h3><small>S&ocirc;́ 9 của Liverpool sẽ kh&ocirc;ng thể g&oacute;p mặt trong trận b&aacute;n kết Champions League lượt về với Barcelona tại Anfield</small></h3>\r\n\r\n<p>Tiền đạo người Brazil gặp chấn thương mắt c&aacute; v&agrave; đ&atilde; ngồi ngo&agrave;i trong 2 trận gần nhất của Liverpool tại&nbsp;<a href=\"https://news.zing.vn/tieu-diem/premier-league.html\">Premier League</a>&nbsp;(gặp Huddersfield v&agrave; Newcastle).&nbsp;</p>\r\n\r\n<p>Trong trận lượt đi, sự vắng mặt của Firmino tr&ecirc;n h&agrave;ng c&ocirc;ng từ đầu khiến HLV Klopp phải sử dụng&nbsp;Georginio Wijnaldum trong vai tr&ograve; cầu nối giữa h&agrave;ng tiền vệ v&agrave; tiền đạo. Ở vị tr&iacute; được đo ni đ&oacute;ng gi&agrave;y cho Firmino n&agrave;y, Wijnaldum thi đấu kh&ocirc;ng qu&aacute; nổi bật v&agrave; bị thay ra v&agrave;o cuối trận.</p>\r\n\r\n<p>Khi Firmino v&agrave;o s&acirc;n, tỷ số đ&atilde; l&agrave; 2-0 cho Barca. Tiền đạo số 9 chưa kịp tạo ra kh&aacute;c biệt, th&igrave; Lionel Messi đ&atilde; ấn định tỷ số 3-0 cho Barcelona bằng si&ecirc;u phẩm s&uacute;t phạt kh&ocirc;ng cho Alisson Becker bất kỳ cơ hội n&agrave;o để cản ph&aacute;.</p>\r\n\r\n<p>Firmino l&agrave; nh&acirc;n tố rất quan trọng tr&ecirc;n h&agrave;ng c&ocirc;ng Liverpool. Tiền đạo người Brazil c&oacute; 16 b&agrave;n c&ugrave;ng 8 đường kiến tạo sau 47 trận tr&ecirc;n mọi đấu trường cho Liverpool m&ugrave;a n&agrave;y.</p>\r\n\r\n<p><img src=\"http://localhost:8080/webtintuc//img/salah.jpg\" /></p>\r\n\r\n<h3><small>Salah d&iacute;nh chấn thương ở v&ugrave;ng đầu trong trận gặp Newcaslte</small></h3>\r\n\r\n<p>Ngo&agrave;i tổn thất mang t&ecirc;n Firmino, khả năng Mohamed Salah thi đấu trận gặp Barca cũng bị bỏ ngỏ. Tiền đạo người Ai Cập d&iacute;nh chấn thương ở v&ugrave;ng đầu trong trận gặp Newcastle v&agrave; phải rời s&acirc;n tr&ecirc;n c&aacute;ng.</p>\r\n\r\n<p>Trong ph&ograve;ng họp b&aacute;o, HLV Klopp n&oacute;i về chấn thương của cậu học tr&ograve; cưng: &quot;Đầu cậu ấy va phải h&ocirc;ng của thủ m&ocirc;n đối phương, v&agrave; ch&uacute;ng t&ocirc;i phải nhanh ch&oacute;ng đưa ra quyết định: ở lại hoặc ra ngo&agrave;i s&acirc;n. Salah đ&atilde; ở trong ph&ograve;ng thay đồ v&agrave; theo d&otilde;i phần c&ograve;n lại của trận đấu&quot;.</p>\r\n\r\n<p>N&oacute;i về khả năng Salah ra s&acirc;n gặp Barca tr&ecirc;n s&acirc;n Anfield, HLV Klopp để ngỏ: &quot;Ch&uacute;ng t&ocirc;i sẽ phải chờ đợi&quot;.</p>\r\n', 8, 2, 3, 4),
(2, 'Gần 20 trai tráng Hải Phòng hỗn chiến vì một nữ nhân viên quán bar', 'Công an TP Hải Phòng tạm giữ 17 người, 2 khẩu súng và 6 viên đạn tại quán bar Time Club thuộc phường Ngọc Sơn, quận Kiến An, TP Hải Phòng để điều tra vụ hỗn chiến giữa các nhóm.', 'img/phapluat_3.jpg', '2019-06-18 21:40:50', '<p>Chiều 4/5, C&ocirc;ng an th&agrave;nh phố&nbsp;<a href=\"https://news.zing.vn/tieu-diem/hai-phong.html\">Hải Ph&ograve;ng</a>&nbsp;cho biết C&ocirc;ng an quận Kiến An đang phối hợp với Ph&ograve;ng Cảnh s&aacute;t h&igrave;nh sự (C&ocirc;ng an TP Hải Ph&ograve;ng) điều tra l&agrave;m r&otilde; vụ 2 nh&oacute;m thanh ni&ecirc;n hỗn chiến tại qu&aacute;n bar Time Club trong ng&otilde; 16 Nguyễn C&ocirc;ng Mỹ, phường Ngọc Sơn (Kiến An, Hải Ph&ograve;ng).</p>\r\n\r\n<p>V&agrave;o chiều 1/5, tại qu&aacute;n bar Time Club (ng&otilde; 16 Nguyễn C&ocirc;ng Mỹ, phường Ngọc Sơn, quận Kiến An, TP Hải Ph&ograve;ng) đ&atilde; xảy ra vụ hỗn chiến giữa hai nh&oacute;m thanh ni&ecirc;n.</p>\r\n\r\n<p>Hậu quả khiến một người trong nh&oacute;m thanh ni&ecirc;n t&ecirc;n B&ugrave;i H&ugrave;ng Cường (33 tuổi, ngụ tổ 5, phường Trần Th&agrave;nh Ngọ, quận Kiến An, TP Hải Ph&ograve;ng) bị thương ở đầu v&agrave; được đưa đi cấp cứu tại Bệnh viện đa khoa Kiến An.</p>\r\n\r\n<p>Nhận được th&ocirc;ng tin, C&ocirc;ng an quận Kiến An đ&atilde; c&oacute; mặt phong tỏa hiện trường, thu thập chứng cứ phục vụ c&ocirc;ng t&aacute;c điều tra, đồng thời đưa 17 người về cơ quan c&ocirc;ng an l&agrave;m việc v&agrave; thu giữ 2 khẩu s&uacute;ng, 6 vi&ecirc;n đạn.</p>\r\n\r\n<p>Nguy&ecirc;n nh&acirc;n ban đầu được x&aacute;c định l&agrave; do trước đ&oacute; v&agrave;o ng&agrave;y 30/4, khi Đỗ Th&agrave;nh Thuận (32 tuổi, ngụ tại 6/8/33 đường Ho&agrave;ng Thiết T&acirc;m, phường Bắc Sơn, quận Kiến An) v&agrave; Nguyễn Thiện H&ugrave;ng (37 tuổi, ngụ tại số 22 l&ocirc; 2 khu PG An Đồng, huyện An Dương, th&agrave;nh phố Hải Ph&ograve;ng) đến qu&aacute;n bar chơi.</p>\r\n\r\n<p>Tại đ&acirc;y nh&oacute;m n&agrave;y muốn đưa chị Nguyễn Ngọc M. (21 tuổi) nữ nh&acirc;n vi&ecirc;n tại đ&acirc;y đi chơi n&ecirc;n đ&atilde; nảy sinh m&acirc;u thuẫn với chủ qu&aacute;n l&agrave; Vũ Văn Thắng (33 tuổi, ngụ khu Phương Kh&ecirc;, phường Đồng H&ograve;a, quận Kiến An).</p>\r\n\r\n<p>Hai b&ecirc;n hẹn nhau ng&agrave;y 1/5 gặp mặt tại qu&aacute;n bar Time Club để c&ugrave;ng giải quyết vụ việc. Trong l&uacute;c c&atilde;i cự, hai nh&oacute;m thanh ni&ecirc;n đ&atilde; lao v&agrave;o nhau hỗn chiến, hậu quả khiến B&ugrave;i H&ugrave;ng Cường bị thương nặng ở đầu phải đưa đi cấp cứu.</p>\r\n\r\n<p>C&ocirc;ng an TP Hải Ph&ograve;ng đang tiếp tục điều tra mở rộng vụ &aacute;n.</p>\r\n', 6, 2, 2, 8),
(3, 'Chris Hemsworth - người cứu Thần Sấm Thor khỏi định mệnh tầm thường', 'Nam diễn viên Chris Hemsworth từng thất vọng với loạt phim “Thor” đến mức anh thốt lên: “Tôi cảm thấy như mình đang hấp hối, như mình đang bị xiềng xích”.', 'img/giaitri_1.jpg', '2019-06-18 21:40:50', '<p>Theo d&otilde;i bom tấn Avengers: Endgame, chắc chắn mọi kh&aacute;n giả đều sẽ ngạc nhi&ecirc;n đến cho&aacute;ng v&aacute;ng khi gặp lại Thor. Đ&oacute; l&agrave; một Thần Sấm ho&agrave;n to&agrave;n kh&aacute;c biệt so với ch&iacute;nh ch&agrave;ng ở c&aacute;c tập Avengers v&agrave; loạt phim Thor trước đ&acirc;y.</p>\r\n\r\n<p>C&uacute; b&uacute;ng tay định mệnh của Thanos ở Avengers: Infinity War kh&ocirc;ng chỉ ti&ecirc;u diệt 50% sinh linh trong vũ trụ, m&agrave; c&ograve;n t&aacute;c động nặng nề đến t&acirc;m l&yacute; của những người sống s&oacute;t. V&agrave; với một người đ&atilde; mất đi cả cha, mẹ, em trai, bạn th&acirc;n v&agrave; 50% thần d&acirc;n xứ Asgard như Thor, t&aacute;c động đ&oacute; c&ograve;n khủng khiếp hơn nhiều.</p>\r\n\r\n<h2><strong>T&aacute;i định nghĩa Thor</strong></h2>\r\n\r\n<p>Trả lời phỏng vấn b&aacute;o&nbsp;<em>USA Today</em>, nam diễn vi&ecirc;n Chris Hemsworth cho biết ch&iacute;nh anh muốn tạo ra sự kh&aacute;c biệt đ&oacute; ở Thor. &ldquo;T&ocirc;i muốn tạo ra sự thay đổi lớn ở&nbsp;<em>Endgame&nbsp;</em>v&agrave; thật may mắn l&agrave; c&aacute;c bi&ecirc;n kịch đ&atilde; đồng &yacute;. Ch&uacute;ng t&ocirc;i đ&atilde; thảo luận trong nhiều ng&agrave;y, nhiều th&aacute;ng về việc c&oacute; thể khiến Thor thay đổi như thế n&agrave;o&rdquo;, Hemsworth kể.</p>\r\n\r\n<p><img src=\"http://localhost:8080/webtintuc/img/thor1.jpg\" /></p>\r\n\r\n<h3><small>Sự thay đổi của Thor đến từ&nbsp;<em>Ragnarok</em>. Ảnh:&nbsp;<em>Marvel Studios</em>.&nbsp;</small></h3>\r\n\r\n<p>Tạp ch&iacute;&nbsp;<em>Vanity Fair</em>&nbsp;tiết lộ Hemsworth đ&atilde; trực tiếp ph&agrave;n n&agrave;n với Chủ tịch Marvel Studios Kevin Feige trước khi&nbsp;<em>Ragnarok&nbsp;</em>khởi quay. Khi đ&oacute; anh thốt l&ecirc;n: &ldquo;T&ocirc;i cảm thấy như m&igrave;nh đang hấp hối, như m&igrave;nh đang bị xiềng x&iacute;ch&rdquo;. Anh m&ocirc; tả si&ecirc;u anh h&ugrave;ng Thor l&agrave; &ldquo;đ&aacute;ng thất vọng v&agrave; nh&agrave;m ch&aacute;n&rdquo;.</p>\r\n\r\n<p><img src=\"http://localhost:8080/webtintuc/img/thor2.jpg\" /></p>\r\n\r\n<h3><small>Avengers: Endgame&nbsp;tiếp nối diễn biến t&acirc;m l&yacute; của Thor. Ảnh:&nbsp;Marvel Studios.&nbsp;</small></h3>\r\n\r\n<p>Hemsworth kh&ocirc;ng an t&acirc;m về Thor đến mức anh nghĩ rằng nh&acirc;n vật của m&igrave;nh chỉ c&oacute; thể xuất hiện trong phim đầu ti&ecirc;n về biệt đội Avengers (<em>The Avengers</em>&nbsp;- 2012). &ldquo;T&ocirc;i kh&ocirc;ng hề nghĩ rằng m&igrave;nh sẽ được tham gia&nbsp;<em>Avengers 2</em>. Bởi t&ocirc;i tr&ocirc;ng kh&ocirc;ng hề thoải m&aacute;i trong ba phim đầu ti&ecirc;n c&oacute; Thor&rdquo;, Hemsworth kể.</p>\r\n', 18, 2, 2, 3),
(4, 'Chiến dịch thu dọn rác thải và thi thể trên đường lên đỉnh Everest', '\"Nóc nhà\" của thế giới - đỉnh Everest - đang dần trở thành ngọn núi rác do người leo núi và khách du lịch để lại. Băng tan do biến đổi khí hậu còn để lộ thêm nhiều thi thể người.', 'img/thegioi_1.jpg', '2019-06-18 21:40:50', '<p><img src=\"http://localhost:8080/webtintuc/img/everest_1.jpg\" /></p>\r\n\r\n<p>Đỉnh n&uacute;i cao nhất thế giới kh&ocirc;ng tho&aacute;t khỏi sự bừa b&atilde;i của con người. Một nh&oacute;m t&igrave;nh nguyện vi&ecirc;n tận t&acirc;m đ&atilde; l&ecirc;n đ&acirc;y để thực hiện chiến dịch thu gom r&aacute;c thuộc loại kh&oacute; khăn nhất thế giới. Họ đ&atilde; thu được ba tấn r&aacute;c, v&agrave; cả một số thi thể, chỉ trong v&ograve;ng hai tuần đầu với sự hỗ trợ của một chiếc trực thăng, theo h&atilde;ng tin AFP. Ảnh: Mount Everest Biogas Project.</p>\r\n\r\n<p>Đội t&igrave;nh nguyện vi&ecirc;n dọn r&aacute;c gồm 14 người. Họ lập mục ti&ecirc;u thu gom 10 tấn r&aacute;c trong v&ograve;ng 45 ng&agrave;y l&agrave;m việc tại khu vực đỉnh n&uacute;i cao nhất thế giới. Phần lớn r&aacute;c thải được Chiến dịch Dọn sạch Everest thu gom bao gồm c&aacute;c loại vỏ chai, lon, đồ nhựa v&agrave; c&aacute;c dụng cụ m&agrave; người leo n&uacute;i bỏ lại. Ch&iacute;nh phủ Nepal điều động một trực thăng qu&acirc;n sự hỗ trợ chiến dịch dọn r&aacute;c của c&aacute;c t&igrave;nh nguyện vi&ecirc;n. Họ c&ograve;n t&igrave;m thấy bốn thi thể ở độ cao gần 8.848 m so với mặt nước biển.&nbsp;</p>\r\n\r\n<p><img src=\"http://localhost:8080/webtintuc/img/everest_2.jpg\" /></p>\r\n\r\n<h3><small>Hơn 200 người leo n&uacute;i đ&atilde; thiệt mạng tr&ecirc;n ngọn n&uacute;i n&agrave;y kể từ năm 1922, khi c&oacute; những trường hợp đầu ti&ecirc;n được ghi nhận. Đa số thi thể c&ograve;n bị ch&ocirc;n v&ugrave;i dưới băng tuyết. Ảnh:&nbsp;<em>Mount Everst Biogas Project</em>.</small></h3>\r\n\r\n<p>&nbsp;</p>\r\n', 17, 2, 3, 2),
(5, 'Cục Di sản văn hóa chỉ đạo xác minh việc phá dỡ nhà thờ Bùi Chu', 'Cục Di sản văn hóa đề nghị các ban ngành liên quan của tỉnh Nam Định đề xuất phương án bảo vệ, tu bổ nhà thờ Bùi Chu, báo cáo Bộ Văn hóa Thể thao & Du lịch trước ngày 6/5.', 'img/thoisu_1.jpg', '2019-06-18 21:40:50', '<p>Trao đổi với&nbsp;<em>Zing.vn</em>, &ocirc;ng Trần Đ&igrave;nh Th&agrave;nh, Ph&oacute; cục trưởng Cục Di sản văn h&oacute;a, Bộ Văn h&oacute;a Thể thao &amp; Du lịch (Bộ VHTT&amp;DL) cho biết ng&agrave;y 2/5 Cục đ&atilde; gửi văn bản đến Sở VHTT&amp;DL tỉnh&nbsp;<a href=\"https://news.zing.vn/tieu-diem/nam-dinh.html\">Nam Định</a>&nbsp;y&ecirc;u cầu Sở khẩn trương kiểm tra th&ocirc;ng tin li&ecirc;n quan đến việc ph&aacute; dỡ nh&agrave; thờ B&ugrave;i Chu (Xu&acirc;n Trường, Nam Định) để x&acirc;y nh&agrave; thờ mới.</p>\r\n\r\n<p><img src=\"http://localhost:8080/webtintuc/img/thoisu_1.jpg\" /></p>\r\n\r\n<h3><small>Nh&agrave; thờ ch&iacute;nh t&ograve;a B&ugrave;i Chu</small></h3>\r\n\r\n<p>Cục Di sản đề nghị Sở b&aacute;o c&aacute;o UBND tỉnh Nam Định giao c&aacute;c cơ quan li&ecirc;n quan của tỉnh đề xuất phương &aacute;n xử l&yacute;, b&aacute;o c&aacute;o UBND tỉnh Nam Định v&agrave; Bộ VHTT&amp;DL trước ng&agrave;y 6/5.</p>\r\n\r\n<p>&Ocirc;ng Th&agrave;nh cho biết c&ocirc;ng tr&igrave;nh nh&agrave; thờ Ch&iacute;nh t&ograve;a B&ugrave;i Chu đ&atilde; được đưa v&agrave;o danh mục kiểm k&ecirc; để x&eacute;t c&ocirc;ng nhận di t&iacute;ch. Về nguy&ecirc;n tắc c&ocirc;ng tr&igrave;nh được đưa v&agrave;o danh mục kiểm k&ecirc; sẽ được bảo vệ theo luật di sản văn h&oacute;a.</p>\r\n\r\n<p>&quot;Tuy nhi&ecirc;n Sở X&acirc;y dựng tỉnh Nam Định đ&atilde; cấp ph&eacute;p x&acirc;y dựng (nh&agrave; thờ mới) trước khi Sở Văn h&oacute;a đưa c&ocirc;ng tr&igrave;nh v&agrave;o danh mục kiểm k&ecirc;. V&igrave; c&oacute; việc trước việc sau n&ecirc;n tỉnh Nam Định phải xem x&eacute;t xử l&yacute; cho ph&ugrave; hợp&quot;, &ocirc;ng Th&agrave;nh chia sẻ.</p>\r\n\r\n<p>Trước phản ứng của nhiều kiến tr&uacute;c sư v&agrave; giới bảo tồn đề nghị tr&ugrave;ng tu nh&agrave; thờ thay v&igrave; ph&aacute; dỡ, Tổng đại diện Gi&aacute;o phận B&ugrave;i Chu, Linh mục Giuse M. Nguyễn Đức Giang đ&atilde; l&ecirc;n tiếng khẳng định việc đại tu c&ocirc;ng tr&igrave;nh n&agrave;y l&agrave; cần thiết nhằm đảm bảo an to&agrave;n, đồng thời ph&ugrave; hợp với t&acirc;m tư, nguyện vọng của b&agrave; con ở c&aacute;c xứ đạo, họ đạo trong Gi&aacute;o phận.</p>\r\n\r\n<p>&quot;Nếu tiếp tục để như vậy sử dụng sẽ rất nguy hiểm. Tại đ&acirc;y, đ&atilde; từng xuất hiện sự cố khi b&agrave; con gi&aacute;o d&acirc;n đang h&agrave;nh lễ trong th&aacute;nh đường, bất ngờ một mảng vật liệu tr&ecirc;n trần Nh&agrave; thờ bong ra rơi xuống, rất may kh&ocirc;ng tr&uacute;ng ai&quot;, Linh mục Nguyễn Đức Giang n&oacute;i.</p>\r\n', 1, 2, 2, 1),
(6, 'Tại sao ngọc trai luôn là món trang sức đắt giá nghìn năm nay?', '', 'img/kinhdoanh_1.jpg', '2019-06-18 21:40:50', 'Ngọc trai có nhiều màu sắc và kích cỡ khác nhau, điều này quyết định giá trị của chúng. Viên ngọc đắt nhất từng được bán là mặt dây chuyền của Marie Antoinette với giá 32 triệu USD', 3, 2, 3, 5),
(7, '\'Hot girl mặt mộc\' có nét đẹp nguyên sơ \'thách thức\' giới make-up', 'Hong Soo Joo có gần 500.000 lượt theo dõi trên mạng xã hội nhờ có mặt mộc xinh đẹp và gây chú ý sau khi đóng MV \"SSFW\" cùng thành viên Chanyeol của nhóm EXO.', 'img/songtre_1.jpg', '2019-06-18 21:40:50', '<p>Nhan sắc xinh đẹp của n&agrave;ng mẫu H&agrave;n Quốc Hong Soo Joo g&acirc;y ch&uacute; &yacute; khi đ&oacute;ng ch&iacute;nh trong MV &quot;Loss&quot; (Colde). C&ocirc; n&agrave;ng c&oacute; gần 500.000 lượt follow tr&ecirc;n mạng.</p>\r\n\r\n<p>Hong Soo Joo (sinh năm 1994) l&agrave; hot girl, mẫu ảnh nổi tiếng tại H&agrave;n Quốc. Tr&ecirc;n mạng x&atilde; hội, c&ocirc; sở hữu gần 500.000 lượt follow, được d&acirc;n mạng khen ngợi v&igrave; c&oacute; gương mặt xinh đẹp, l&agrave;n da trắng mịn.<br />\r\n&nbsp;</p>\r\n\r\n<table border=\"0\" cellpadding=\"0\" cellspacing=\"0\" style=\"width:750px\">\r\n	<tbody>\r\n		<tr>\r\n			<td><img src=\"http://localhost:8080/webtintuc//img/soojoo1.jpg\" style=\"height:437px; width:370px\" /></td>\r\n			<td><img src=\"http://localhost:8080/webtintuc//img/soojoo2.jpg\" style=\"height:437px; width:370px\" /></td>\r\n		</tr>\r\n	</tbody>\r\n</table>\r\n\r\n<h3><small>Xuất th&acirc;n l&agrave; một mẫu ảnh, Soo Joo ng&agrave;y c&agrave;ng nổi tiếng với vẻ đẹp tự nhi&ecirc;n, sắc sảo của m&igrave;nh. C&ocirc; n&agrave;ng từng g&acirc;y ấn tượng khi xuất hiện trong nhiều MV của c&ocirc;ng ty&nbsp;<em>SM Entertainment&nbsp;</em>(H&agrave;n Quốc) như&nbsp;<em>Loss</em>&nbsp;(Colde) v&agrave;&nbsp;<em>SSFW</em>&nbsp;(Chanyeol).</small></h3>\r\n\r\n<p><img src=\"http://localhost:8080/webtintuc//img/songtre_1.jpg\" /></p>\r\n\r\n<h3><small>Nhờ c&oacute; khu&ocirc;n mặt ăn h&igrave;nh v&agrave; l&agrave;n da ho&agrave;n hảo, 9X trở th&agrave;nh người mẫu quảng c&aacute;o, đại diện cho nhiều thương hiệu mỹ phẩm nổi tiếng của H&agrave;n Quốc.</small></h3>\r\n', 31, 2, 2, 7),
(8, 'Bị cáo chính được án treo, đồng phạm bị tù giam', 'Bị cáo có vai trò chính, bị truy nã nhưng lại được TAND TP Nha Trang (Khánh Hòa) ưu ái cho hưởng án treo, trong khi các đồng phạm cùng vụ thì bị tù giam.', 'img/phapluat_1.jpg', '2019-06-18 21:40:50', '<p>VKSND Cấp cao tại Đ&agrave; Nẵng vừa c&oacute; th&ocirc;ng b&aacute;o r&uacute;t kinh nghiệm đến c&aacute;c VKS trong khu vực một vụ &aacute;n h&igrave;nh sự bị cấp gi&aacute;m đốc thẩm hủy &aacute;n do &aacute;p dụng &aacute;n treo tr&aacute;i quy định ph&aacute;p luật. Đ&oacute; l&agrave; vụ &aacute;n do TAND TP Nha Trang (Kh&aacute;nh H&ograve;a) x&eacute;t xử về tội Cố &yacute; g&acirc;y thương t&iacute;ch nhưng bị c&aacute;o c&oacute; vai tr&ograve; ch&iacute;nh, từng bị truy n&atilde; lại cho hưởng &aacute;n treo, c&ograve;n c&aacute;c đồng phạm kh&aacute;c th&igrave; bị xử t&ugrave; giam.</p>\r\n\r\n<h2><strong>Xử &aacute;n kiểu &quot;nhất b&ecirc;n trọng, nhất b&ecirc;n khinh&quot;</strong></h2>\r\n\r\n<p>Theo hồ sơ, tối 19/1/2015, xuất ph&aacute;t từ m&acirc;u thuẫn trong khi h&aacute;t karaoke, Phan Huy Thạch c&ugrave;ng năm người kh&aacute;c đ&aacute;nh chị Nguyễn Thị Kim Thanh g&acirc;y thương t&iacute;ch 24%, hai người kh&aacute;c mỗi người 2%. Sau khi g&acirc;y &aacute;n, Thạch bỏ trốn.</p>\r\n\r\n<p>Ng&agrave;y 14/3/2015, cơ quan điều tra C&ocirc;ng an TP Nha Trang ra lệnh truy n&atilde; đối với Thạch.</p>\r\n\r\n<p>Xử sơ thẩm vụ &aacute;n tr&ecirc;n hồi th&aacute;ng 8/2016 (khi Thạch đang bỏ trốn), HĐXX TAND TP Nha Trang do thẩm ph&aacute;n Nguyễn Thị Thu Hiếu l&agrave;m chủ tọa nhận định c&aacute;c bị c&aacute;o phạm tội c&oacute; t&iacute;nh đồng phạm giản đơn, mang t&iacute;nh bột ph&aacute;t, kh&ocirc;ng c&oacute; dự mưu từ trước, do thiếu kiềm chế n&ecirc;n c&ugrave;ng tham gia h&agrave;nh hung người bị hại.</p>\r\n\r\n<p><img src=\"http://localhost:8080/webtintuc//img/phapluat_1.jpg\" /></p>\r\n\r\n<p>Trong đ&oacute;, thương t&iacute;ch nặng nhất l&agrave;m cơ sở cho việc định khung tăng nặng ở khoản 2 Điều 104 BLHS l&agrave; của chị Thanh nhưng vai tr&ograve; ch&iacute;nh g&acirc;y thương t&iacute;ch đối với người bị hại n&agrave;y thuộc về Phan Huy Thạch đ&atilde; bỏ trốn. TAND TP Nha Trang tuy&ecirc;n phạt năm bị c&aacute;o với mức &aacute;n 17-18 th&aacute;ng t&ugrave; (tương đương với thời gian bị tạm giam).</p>\r\n\r\n<p>Sau đ&oacute;, Thạch bị bắt theo lệnh truy n&atilde;. Tại phi&ecirc;n t&ograve;a ng&agrave;y 5/7/2017, HĐXX TAND TP Nha Trang (cũng do thẩm ph&aacute;n Nguyễn Thị Thu Hiếu l&agrave;m chủ tọa) đ&atilde; tuy&ecirc;n phạt Thạch hai năm s&aacute;u th&aacute;ng &aacute;n treo về tội Cố &yacute; g&acirc;y thương t&iacute;ch.</p>\r\n\r\n<p>Bản &aacute;n sơ thẩm n&agrave;y kh&ocirc;ng c&oacute; kh&aacute;ng c&aacute;o, kh&ocirc;ng bị kh&aacute;ng nghị theo thủ tục ph&uacute;c thẩm n&ecirc;n c&oacute; hiệu lực ph&aacute;p luật. Tuy nhi&ecirc;n, dư luận cho rằng việc cho hưởng &aacute;n treo như vậy l&agrave; kh&ocirc;ng đảm bảo sự nghi&ecirc;m minh, c&ocirc;ng bằng của ph&aacute;p luật.</p>\r\n', 1, 2, 3, 8),
(9, 'Nhiều tuyến phố lớn Hà Nội tiếp tục xén dải phân cách', 'UBND Hà Nội vừa đồng ý để Sở GTVT thực hiện việc xén dải phân cách, mở rộng lòng đường, giảm ùn tắc giao thông kết hợp với chỉnh trang cây xanh trên nhiều tuyến phố.', 'img/thoisu_2.jpg', '2019-06-18 21:40:50', '<p>Theo đ&oacute;, tiếp sau c&aacute;c tuyến đường như V&agrave;nh đai 3, L&aacute;ng (đ&atilde; thực hiện trước Tết), UBND th&agrave;nh phố&nbsp;<a href=\"https://news.zing.vn/tieu-diem/ha-noi.html\">H&agrave; Nội</a>&nbsp;tiếp tục đồng &yacute; để Sở GTVT thực hiện việc x&eacute;n dải ph&acirc;n c&aacute;ch, chỉnh trang giao th&ocirc;ng tr&ecirc;n nhiều tuyến đường.</p>\r\n\r\n<p>Cụ thể, c&aacute;c tuyến phố T&ocirc;n Thất Thuyết, Trung Liệt v&agrave; c&aacute;c n&uacute;t giao th&ocirc;ng nối với phố Đặng Tiến Đ&ocirc;ng, Th&aacute;i H&agrave;, Th&aacute;i Thịnh sẽ được mở rộng mặt đường đảm bảo an to&agrave;n giao th&ocirc;ng v&agrave; chỉnh trang c&acirc;y xanh, thảm cỏ.</p>\r\n\r\n<p>C&aacute;c tuyến đường Liễu Giai, Văn Cao cũng được x&eacute;n dải ph&acirc;n c&aacute;ch mở rộng, kết hợp chỉnh trang c&acirc;y xanh, thảm cỏ tr&ecirc;n địa b&agrave;n quận Ba Đ&igrave;nh; x&eacute;n dải ph&acirc;n c&aacute;ch, mở rộng đường Y&ecirc;n L&atilde;ng - Ho&agrave;ng Cầu; cải tạo sửa chữa Quốc lộ 21 đến đường tỉnh 418 thuộc địa phận x&atilde; Sơn Đ&ocirc;ng (thị x&atilde; Sơn T&acirc;y).</p>\r\n\r\n<p><img src=\"http://localhost:8080/webtintuc//img/thoisu_2.jpg\" /></p>\r\n\r\n<h3><small>Nhiều tuyến phố lớn ở H&agrave; Nội x&eacute;n dải ph&acirc;n c&aacute;ch để mở rộng l&ograve;ng đường.&nbsp;</small></h3>\r\n\r\n<p>Với một số cầu, như cầu Thanh Tr&igrave; cũng được sửa chữa khe co gi&atilde;n; sửa chữa c&aacute;c cầu dọc trục đường L&aacute;ng (Cầu Giấy, cầu T&ocirc; Lịch, cầu H&ograve;a Mục, cầu Y&ecirc;n H&ograve;a, cầu Mới); cải tạo mặt đường ch&iacute;nh đại lộ Thăng Long v&agrave; đường gom; sửa chữa, thay thế khe co gi&atilde;n đường v&agrave;nh đ&agrave;i 3 đoạn Cầu Dậu - Mai Dịch&hellip;</p>\r\n\r\n<p>Sở GTVT H&agrave; Nội được giao triển khai thực hiện c&aacute;c thủ tục đầu tư; phối hợp với Văn ph&ograve;ng quỹ bảo tr&igrave; H&agrave; Nội v&agrave; c&aacute;c sở ng&agrave;nh li&ecirc;n quan lập dự &aacute;n, kinh ph&iacute; đầu tư để tr&igrave;nh UBND th&agrave;nh phố xem x&eacute;t, ph&ecirc; duyệt.</p>\r\n', 16, 2, 2, 1),
(10, 'CĐV Liverpool vạch kế hoạch phá Barca ở bán kết lượt về', 'Kêu gọi treo giò Messi bất thành, CĐV Liverpool chuyển hướng sang 2 \"mục tiêu\" mới ở trận bán kết lượt về Champions League là Luis Suarez và Philippe Coutinho.', 'img/thethao_2.jpg', '2019-06-18 21:40:50', '<p>Để thua 0-3 ở trận b&aacute;n kết lượt đi tại Nou Camp, cơ hội đi tiếp của Liverpool tại Champions League l&agrave; kh&aacute; thấp. CĐV đội b&oacute;ng v&ugrave;ng Merseyside đang l&agrave;m những g&igrave; c&oacute; thể để hỗ trợ cho thầy tr&ograve; HLV Juergen Klopp ở trận lượt về tại Anfield tuần tới.</p>\r\n\r\n<p><img src=\"http://localhost:8080/webtintuc//img/suarez1.jpg\" /></p>\r\n\r\n<h3><small>CĐV Liverpool sẽ la &oacute; Suarez trong to&agrave;n bộ trận b&aacute;n kết lượt về tại Anfield.</small></h3>\r\n\r\n<p>Một CĐV viết t&acirc;m thư tr&ecirc;n mạng x&atilde; hội với nội dung như sau: &quot;H&atilde;y la &oacute; Coutinho, Suarez từ ph&uacute;t đầu ti&ecirc;n cho đến cuối c&ugrave;ng của trận đấu. 2 kẻ v&ocirc; ơn n&agrave;y kh&ocirc;ng xứng đ&aacute;ng với sự t&ocirc;n trọng của CĐV Liverpool&quot;.</p>\r\n\r\n<p>&quot;H&atilde;y coi 2 c&aacute;i t&ecirc;n n&agrave;y l&agrave; kẻ th&ugrave; v&agrave; cho họ thấy thế n&agrave;o l&agrave; địa ngục Anfield&quot;, người n&agrave;y nhấn mạnh.</p>\r\n\r\n<p>Ở trận lượt đi, Luis Suarez ghi b&agrave;n v&agrave;o lưới Liverpool v&agrave; ăn mừng đầy phấn kh&iacute;ch. D&ugrave; tuy&ecirc;n bố từ trước, tiền đạo người Uruguay vẫn khiến người h&acirc;m mộ đội b&oacute;ng cũ v&ocirc; c&ugrave;ng bức x&uacute;c. Philippe Coutinho chơi mờ nhạt v&agrave; bị thay ra sớm nhưng cũng bị coi l&agrave; &quot;kẻ phản bội&quot; c&ugrave;ng với Suarez.</p>\r\n\r\n<p><img src=\"http://localhost:8080/webtintuc//img/cdvliver.jpg\" /></p>\r\n\r\n<h3><small>CĐV Liverpool chặn, n&eacute;m chai lọ về xe bu&yacute;t của Man City ở khi 2 đội gặp nhau ở Champions League m&ugrave;a trước.</small></h3>\r\n\r\n<p>Lời k&ecirc;u gọi tr&ecirc;n mạng x&atilde; hội nhận sự hưởng ứng từ đ&ocirc;ng đảo người h&acirc;m mộ Liverpool. Thậm ch&iacute;, một nh&oacute;m CĐV kh&aacute;c c&ograve;n l&ecirc;n kế hoạch chặn, đốt ph&aacute;o s&aacute;ng, n&eacute;m chai lọ về xe bu&yacute;t của&nbsp;<a href=\"https://news.zing.vn/tieu-diem/barcelona-fc.html\">Barca</a>&nbsp;tr&ecirc;n đường đến s&acirc;n Anfield.</p>\r\n\r\n<p>&quot;Chặn xe, đốt ph&aacute;o, la &oacute; Suarez, Coutinho v&agrave; hu&yacute;t s&aacute;o mỗi khi Barca c&oacute; b&oacute;ng&quot;, đ&oacute; l&agrave; những g&igrave; ch&uacute;ng ta cần l&agrave;m ở trận lượt về.</p>\r\n\r\n<p>Trước đ&oacute;, một CĐV mở cuộc bỏ phiếu tr&ecirc;n trang web y&ecirc;u cầu UEFA treo gi&ograve; Lionel Messi v&agrave; thu h&uacute;t hơn 5.000 chữ k&yacute; từ người h&acirc;m mộ tr&ecirc;n to&agrave;n thế giới.</p>\r\n', 26, 2, 3, 4),
(11, 'Quang Hải sang La Liga: Chiêu PR hay cơ hội đã tới?', 'Chỉ với hơn 1 tuần ngắn ngủi tập luyện ở Alaves, Quang Hải có cải thiện được bản thân, hay đây chỉ là chuyến nghỉ mát ngắn ngày của tiền vệ sinh năm 1997?', 'img/thethao_3.jpg', '2019-06-18 21:40:50', '<p>Sau khi Asian Cup 2019 kết th&uacute;c, đội b&oacute;ng Alaves ở T&acirc;y Ban Nha gửi lời mời đến Quang Hải. Họ trao cơ hội cho cầu thủ n&agrave;y sang T&acirc;y Ban Nha tập luyện trong dự kiến 10 ng&agrave;y. Tiền vệ 22 tuổi đ&atilde; c&oacute; thể trở th&agrave;nh cầu thủ Việt Nam đầu ti&ecirc;n được trải nghiệm cảm gi&aacute;c tuyệt vời ấy.</p>\r\n\r\n<p>Nhưng chỉ với 10 ng&agrave;y ngắn ngủi, tr&igrave;nh độ của Quang Hải c&oacute; được n&acirc;ng tầm? Trao đổi với&nbsp;<em>Zing.vn</em>, cựu HLV tuyển U23 Th&aacute;i Lan Steve Darby n&oacute;i<em>:</em>&nbsp;&quot;T&ocirc;i kh&ocirc;ng cho rằng đ&acirc;y l&agrave; bước đi hợp l&yacute; của Quang Hải. 10 ng&agrave;y tại&nbsp;<a href=\"https://news.zing.vn/tieu-diem/la-liga.html\">La Liga</a>&nbsp;giống như chuyến nghỉ m&aacute;t vậy. Cậu ta sẽ mất v&agrave;i ng&agrave;y để l&agrave;m quen với thời tiết ở v&ugrave;ng đất mới, sau đ&oacute; l&agrave; thay đổi về văn h&oacute;a&quot;.</p>\r\n\r\n<p><img src=\"http://localhost:8080/webtintuc//img/quanghai2.jpg\" /></p>\r\n\r\n<h3><small>Quang Hải l&agrave; cầu thủ hay nhất của b&oacute;ng đ&aacute; Việt Nam hiện nay</small></h3>\r\n\r\n<p>&Ocirc;ng Darby ph&acirc;n t&iacute;ch th&ecirc;m rằng 10 ng&agrave;y tập ở Alaves giống như một tr&ograve; đ&ugrave;a bởi Quang Hải kh&oacute; cải thiện được chuy&ecirc;n m&ocirc;n sau chuyến đi như vậy. Thời gian n&agrave;y qu&aacute; ngắn để một cầu thủ c&oacute; ph&aacute;t triển. Vị HLV người Anh tin tiền vệ của H&agrave; Nội FC xứng đ&aacute;ng c&oacute; bản hợp đồng cho mượn thời hạn 1 năm.</p>\r\n\r\n<p>&quot;T&ocirc;i cho rằng Quang Hải đủ năng lực để chơi b&oacute;ng tại T&acirc;y Ban Nha. C&ograve;n về lời đề nghị của La Liga? Đ&oacute; cũng l&agrave; &yacute; tưởng tốt, nhưng l&agrave;m sao một cầu thủ c&oacute; thể lột x&aacute;c chỉ với v&agrave;i ng&agrave;y tập luyện ở m&ocirc;i trường ho&agrave;n to&agrave;n kh&aacute;c Việt Nam?&quot;, HLV Darby cho biết.</p>\r\n\r\n<p>Trong khi đ&oacute;, cựu danh thủ Sasi Kumar người Singapore, t&aacute;c giả b&agrave;n thắng bằng lưng v&agrave;o lưới tuyển Việt Nam ở chung kết Tiger Cup 1998, cho rằng Quang Hải phải biết tận dụng cơ hội để chứng minh bản th&acirc;n. &Ocirc;ng tin 10 ng&agrave;y l&agrave; đủ để cầu thủ n&agrave;y tr&igrave;nh diễn những g&igrave; tốt nhất cho c&aacute;c HLV Alaves thấy.</p>\r\n\r\n<p><img src=\"http://localhost:8080/webtintuc//img/quanghai1.jpg\" /></p>\r\n\r\n<p>HLV Robert Alberts đang dẫn dắt CLB Persib Bandung của Indonesia chia sẻ quan điểm tr&ecirc;n. &Ocirc;ng Alberts rất hiểu m&ocirc;i trường b&oacute;ng đ&aacute; ch&acirc;u &Acirc;u khi từng l&agrave; cựu th&agrave;nh vi&ecirc;n đội trẻ Ajax. Theo vị HLV n&agrave;y, 10 ng&agrave;y tại ch&acirc;u &Acirc;u đủ để một cầu thủ cho thấy t&agrave;i năng của m&igrave;nh.</p>\r\n\r\n<p>&quot;Với bất kỳ cầu thủ n&agrave;o, 10 ng&agrave;y thử việc ở một CLB mới l&agrave; qu&aacute; đủ để anh ta chứng minh c&oacute; đủ năng lực chơi b&oacute;ng hay kh&ocirc;ng. Nhiều người sẽ cho rằng chuyến đi sang Alaves của Quang Hải giống kỳ nghỉ m&aacute;t, nhưng điều đ&oacute; phụ thuộc v&agrave;o ch&iacute;nh th&aacute;i độ của anh ta&quot;, &ocirc;ng Alberts chia sẻ.</p>\r\n', 105, 2, 2, 4),
(12, 'Chi tiền tỷ lắp camera giám sát thái độ cán bộ khi tiếp dân', 'Huyện Bình Sơn (Quảng Ngãi) chi tiền tỷ đầu tư lắp đặt hệ thống camera giám sát thái độ ứng xử của cán bộ khi tiếp người dân, doanh nghiệp ở 25 xã, thị trấn trên địa bàn.', 'img/thoisu_3.jpg', '2019-06-18 21:40:50', '<p>Huyện B&igrave;nh Sơn l&agrave; địa phương đầu ti&ecirc;n ở Quảng Ng&atilde;i đầu tư 1,5 tỷ đồng lắp đặt hệ thống camera gi&aacute;m s&aacute;t th&aacute;i độ ứng xử của c&aacute;n bộ tại c&aacute;c ph&ograve;ng tiếp c&ocirc;ng d&acirc;n ở tất cả c&aacute;c x&atilde;, thị trấn.</p>\r\n\r\n<p><img src=\"http://localhost:8080/webtintuc//img/huyenbinhson.jpg\" /></p>\r\n\r\n<h3><small>Trung t&acirc;m h&agrave;nh ch&iacute;nh huyện B&igrave;nh Sơn.</small></h3>\r\n\r\n<p>Trao đổi với&nbsp;<em>Zing.vn,</em>&nbsp;&ocirc;ng V&otilde; Văn Đồng, Chủ tịch HĐND huyện B&igrave;nh Sơn, cho hay: &quot;Hệ thống camera gi&aacute;m s&aacute;t c&aacute;n bộ l&agrave;m việc ở ph&ograve;ng tiếp c&ocirc;ng d&acirc;n 25 x&atilde;, thị trấn được kết nối với m&aacute;y chủ trung t&acirc;m ở ph&ograve;ng B&iacute; thư, Chủ tịch huyện B&igrave;nh Sơn. C&aacute;n bộ n&agrave;o nhũng nhiễu, g&acirc;y phiền h&agrave; cho người d&acirc;n, doanh nghiệp sẽ bị ph&aacute;t hiện, xử l&yacute; nghi&ecirc;m&quot;.</p>\r\n\r\n<p>Theo vị Chủ tịch HĐND huyện B&igrave;nh Sơn, địa phương c&ograve;n lắp đặt camera gi&aacute;m s&aacute;t tại 8 trường học - nơi phụ huynh, học sinh từng phản &aacute;nh c&oacute; dấu hiệu bạo lực học đường.&nbsp;</p>\r\n\r\n<p><img src=\"http://localhost:8080/webtintuc//img/thoisu_3.jpg\" /></p>\r\n\r\n<h3><small>Group Zalo huyện B&igrave;nh Sơn kết nối hệ thống camera gi&aacute;m s&aacute;t bộ phận &quot;Một cửa&quot; tại 25 x&atilde;, thị trấn tr&ecirc;n địa b&agrave;n.</small></h3>\r\n\r\n<p>Kh&ocirc;ng chỉ lắp đặt hệ thống camera gi&aacute;m s&aacute;t, l&atilde;nh đạo huyện B&igrave;nh Sơn c&ograve;n lập group (nh&oacute;m) tr&ecirc;n Zalo với 92 th&agrave;nh vi&ecirc;n. Nh&oacute;m n&agrave;y gồm c&aacute;c c&aacute;n bộ c&oacute; chức vụ từ ph&oacute; chủ tịch x&atilde;, thị trấn đến ph&oacute;, trưởng ph&ograve;ng cấp huyện trở l&ecirc;n.&nbsp;</p>\r\n\r\n<p>Th&ocirc;ng qua group Zalo, &yacute; kiến của l&atilde;nh đạo huyện truyền đạt nhanh ch&oacute;ng về cơ sở v&agrave; c&aacute;c x&atilde; cũng phản &aacute;nh t&igrave;nh h&igrave;nh địa phương kịp thời. Từ đ&oacute;, l&atilde;nh đạo huyện kịp thời tiếp nhận th&ocirc;ng tin, xử l&yacute; những vấn đề nổi cộm, giải tỏa bức x&uacute;c của người d&acirc;n, doanh nghiệp.</p>\r\n', 4, 2, 3, 1),
(13, 'Mr Cần Trô Xuân Nghị: \'Bị NSƯT Hữu Châu đe dọa, tôi mới trở lại diễn\'', 'Nam diễn viên hài cho biết từng có ý định bỏ nghề diễn về quê, nhưng nhờ lời đe đọa của NSƯT Hữu Châu, anh có động lực trở lại.', 'img/giaitri_2.jpg', '2019-06-18 21:40:50', '<p>Nổi tiếng với vai Mr Cần Tr&ocirc; trong phim Ng&agrave;y ấy m&igrave;nh đ&atilde; y&ecirc;u, Xu&acirc;n Nghị cho biết cuộc sống thay đổi với nhiều lời mời v&agrave; c&aacute;t-x&ecirc; tăng hơn. Nhờ đ&oacute;, sau một năm, nam diễn vi&ecirc;n mua được nh&agrave; ở TP.HCM. &ldquo;T&ocirc;i vẫn trả g&oacute;p mỗi th&aacute;ng, kh&ocirc;ng đơn giản l&agrave; một bước th&agrave;nh sao, muốn g&igrave; c&oacute; nấy. T&ocirc;i vẫn cần cố gắng mỗi ng&agrave;y&rdquo;, Xu&acirc;n Nghị n&oacute;i.</p>\r\n\r\n<h2><strong>Từng vay nợ khắp bạn b&egrave;, l&agrave;m lau dọn để sống qua ng&agrave;y</strong></h2>\r\n\r\n<p>Nhắc đến chuyện mua nh&agrave;, diễn vi&ecirc;n 9X kể ng&agrave;y mới v&agrave;o S&agrave;i G&ograve;n, phải thu&ecirc; ph&ograve;ng chỉ rộng hơn 10 m2. Với số tiền 2 triệu đồng mỗi th&aacute;ng được trợ cấp từ cha mẹ, Xu&acirc;n Nghị kh&ocirc;ng đủ chi ti&ecirc;u. Anh phải l&agrave;m th&ecirc;m nhiều việc ch&acirc;n tay như phục vụ, lau dọn ở kh&aacute;ch sạn. Cuối th&aacute;ng, anh thường rơi v&agrave;o t&igrave;nh trạng &quot;ch&aacute;y t&uacute;i&quot;, ăn m&igrave; t&ocirc;m. Đ&ocirc;i khi hết m&igrave;, anh đ&agrave;nh uống nước cầm hơi.</p>\r\n\r\n<p><img src=\"http://localhost:8080/webtintuc//img/giaitri_2.jpg\" /></p>\r\n\r\n<h3><small>Xu&acirc;n Nghị nổi tiếng nhờ vai Mr Cần Tr&ocirc; trong phim&nbsp;<em>Ng&agrave;y ấy m&igrave;nh đ&atilde; y&ecirc;u</em>.</small></h3>\r\n\r\n<p>&ldquo;Đ&oacute;i vẫn c&ograve;n đỡ hơn l&agrave; mang nợ. T&ocirc;i từng vay nợ khắp bạn b&egrave;, kh&ocirc;ng ai chơi với m&igrave;nh m&agrave; t&ocirc;i chưa từng vay. Tuy nhi&ecirc;n, khi c&oacute; tiền l&agrave; trả liền&rdquo;, anh b&ugrave;i ng&ugrave;i nhớ lại.</p>\r\n\r\n<p>T&uacute;ng thiếu, sự nghiệp tăm tối, Xu&acirc;n Nghị từng rơi v&agrave;o ch&aacute;n nản, muốn bỏ cuộc. Anh bỏ về qu&ecirc; Kh&aacute;nh Ho&agrave; 4 ng&agrave;y. Xu&acirc;n Nghị định từ bỏ mơ ước nghề diễn, kiếm việc an nh&agrave;n ở qu&ecirc;. Kh&ocirc;ng ngờ cuộc điện thoại của nghệ sĩ Hữu Ch&acirc;u với giọng n&oacute;i thật trầm, vừa t&igrave;nh cảm vừa đe doạ: &ldquo;M&agrave;y kh&ocirc;ng v&agrave;o l&agrave;m nghề, đừng gọi tao l&agrave; thầy nữa&rdquo; đ&atilde; thay đổi suy nghĩ của Xu&acirc;n Nghị. Nam diễn vi&ecirc;n như được tiếp th&ecirc;m sức mạnh, tiếp tục quay lại S&agrave;i G&ograve;n.</p>\r\n\r\n<h2><strong>Nhiều lần bị thầy Hữu Ch&acirc;u n&eacute;m d&eacute;p trong lớp học</strong></h2>\r\n\r\n<p>Theo Xu&acirc;n Nghị, c&oacute; được một Mr Cần Tr&ocirc; được kh&aacute;n giả y&ecirc;u th&iacute;ch phần lớn nhờ sự học hỏi từ c&aacute;c bậc tiền bối như NSND Hồng V&acirc;n, Minh Nh&iacute;, Hữu Ch&acirc;u. Anh kể c&aacute;c thầy dạy nghi&ecirc;m khắc nhưng tận t&igrave;nh v&agrave; hết l&ograve;ng v&igrave; tr&ograve;.&nbsp;</p>\r\n\r\n<p><img src=\"http://localhost:8080/webtintuc//img/xuannghi01.jpg\" /></p>\r\n\r\n<h3><small>Nam diễn vi&ecirc;n thường nghi&ecirc;m t&uacute;c xem lại sau khi ho&agrave;n th&agrave;nh c&aacute;c cảnh quay.</small></h3>\r\n\r\n<p>Anh kể trong lớp học, bản th&acirc;n được hai thầy Hữu Ch&acirc;u v&agrave; Minh Nh&iacute; y&ecirc;u thương v&igrave; nắm bắt nhanh. Tuy nhi&ecirc;n kh&ocirc;ng &iacute;t lần Xu&acirc;n Nghị l&agrave;m thầy giận v&agrave; bị n&eacute;m d&eacute;p. &quot;Thầy thị phạm m&atilde;i, tr&ograve; kh&ocirc;ng l&agrave;m được th&igrave; sẽ bị thầy quăng d&eacute;p liền. T&ocirc;i bị c&aacute;c thầy n&eacute;m d&eacute;p mấy lần. Nhưng thầy chỉ n&eacute;m h&ugrave; doạ th&ocirc;i, n&eacute;m trước b&agrave;n ch&acirc;n học tr&ograve; chứ kh&ocirc;ng n&eacute;m cao&quot;, anh h&agrave;i hước kể.</p>\r\n\r\n<p>Trưởng th&agrave;nh hơn từ lớp học của thầy, Xu&acirc;n Nghị tự tin đăng k&yacute; thi c&aacute;c game show h&agrave;i. Kh&ocirc;ng thể phủ nhận, nhờ game show, c&aacute;i t&ecirc;n Xu&acirc;n Nghị được nhiều kh&aacute;n giả &nbsp;biết tới. Tuy vậy, điều n&agrave;y lại khiến anh bị thầy Hữu Ch&acirc;u giận. &quot;Thầy giận kh&ocirc;ng n&oacute;i nhưng t&ocirc;i biết. Thầy lo học tr&ograve; ra ngo&agrave;i bị bắt nạt, sợ tr&ograve; l&agrave;m kh&ocirc;ng tốt. Nhưng chứng kiến t&ocirc;i l&agrave;m ở game show cũng tr&ograve;n trịa v&agrave; nghi&ecirc;m t&uacute;c th&igrave; thầy cũng bỏ qua. T&ocirc;i nghĩ thầy nghi&ecirc;m khắc với học tr&ograve; cũng v&igrave; thương tr&ograve; m&agrave; th&ocirc;i&quot;.</p>\r\n', 3, 2, 3, 3),
(14, 'Tài tử \'Deadpool\' và mỹ nhân Blake Lively sắp chào đón con thứ 3', 'Nữ diễn viên Blake Lively lộ bụng bầu khá to trong sự kiện hôm 2/5. Đây là đứa con thứ 3 của cô với tài tử \"Deadpool\" Ryan Reynolds.', 'img/giaitri_3.jpg', '2019-06-18 21:40:50', '<p>Tại buổi ra mắt&nbsp;<em>Pok&eacute;mon Detective Pikachu&nbsp;</em>ở New York (Mỹ) h&ocirc;m 2/5<em>,&nbsp;</em>nữ diễn vi&ecirc;n Blake Lively xuất hiện b&ecirc;n chồng với chiếc bụng kh&aacute; to<em>. Tờ People&nbsp;</em>x&aacute;c nhận c&ocirc; đang mang thai con thứ 3 của t&agrave;i tử&nbsp;<em>Deadpool.</em></p>\r\n\r\n<p>Lively diện bộ v&aacute;y v&agrave;ng &ocirc;m s&aacute;t cơ thể. C&ocirc; vui vẻ tạo d&aacute;ng c&ugrave;ng&nbsp;Ryan Reynolds tr&ecirc;n thảm v&agrave;ng. T&agrave;i tử 42 tuổi kh&ocirc;ng tiết lộ giới t&iacute;nh em b&eacute; v&agrave; vợ mang thai khi n&agrave;o, nhưng qua ảnh do ph&oacute;ng vi&ecirc;n chụp, một số người đo&aacute;n sao<em>&nbsp;Gossip girl&nbsp;</em>đang ở th&aacute;ng thứ 5, 6 của thai kỳ<em>.&nbsp;</em></p>\r\n\r\n<p><img src=\"http://localhost:8080/webtintuc//img/deadpool1.jpg\" /></p>\r\n\r\n<h3><small>Gia đ&igrave;nh của t&agrave;i tử&nbsp;Ryan Reynolds rất được ngưỡng mộ ở Hollywood v&igrave; sự hạnh ph&uacute;c.&nbsp;</small></h3>\r\n\r\n<p>&quot;Con của ch&uacute;ng t&ocirc;i sẽ kh&ocirc;ng c&oacute; cơ hội lựa chọn liệu n&oacute; c&oacute; muốn cuộc sống của m&igrave;nh được c&ocirc;ng khai hay kh&ocirc;ng. V&igrave; vậy, để ch&uacute;ng được ph&aacute;t triển theo c&aacute;ch b&igrave;nh thường, t&ocirc;i v&agrave; Reynolds muốn bọn trẻ c&oacute; một tuổi thơ như ch&uacute;ng t&ocirc;i đ&atilde; từng&quot;, Lively n&oacute;i tr&ecirc;n&nbsp;<em>Marie Claire UK.</em></p>\r\n\r\n<p>Về ph&iacute;a Reynolds, trong cuộc phỏng vấn gần đ&acirc;y, anh cho biết hai vợ chồng sẽ kh&ocirc;ng đi phim c&ugrave;ng l&uacute;c để c&oacute; thời gian chăm s&oacute;c con c&aacute;i.<em>&nbsp;</em>&quot;Nếu c&ocirc; ấy đang l&agrave;m phim ở Th&aacute;i Lan v&agrave; t&ocirc;i đang l&agrave;m một bộ phim ở Vancouver, ch&uacute;ng t&ocirc;i sẽ kh&ocirc;ng bao giờ gặp nhau. Ch&uacute;ng t&ocirc;i hoạt động như một đơn vị, v&agrave; điều đ&oacute; thực sự hiệu quả&quot;, t&agrave;i tử&nbsp;<em>Deadpool&nbsp;</em>thổ lộ.</p>\r\n', 3, 2, 3, 3),
(15, 'Áp lực thi cử, điểm số biến nhiều học sinh Trung Quốc thành con nghiện', 'Để tập trung hơn trong học tập, nhiều học sinh Trung Quốc tìm đến các loại thuốc kích thích thần kinh, còn được gọi là “thuốc thông minh”, tiềm ẩn nhiều nguy cơ gây hại sức khỏe.', 'img/songtre_2.jpg', '2019-06-18 21:40:50', '<p>Giống như nhiều học sinh trung học kh&aacute;c, Xiao He (20 tuổi, sống tại Tr&ugrave;ng Kh&aacute;nh, Trung Quốc) từng mong muốn thi đỗ v&agrave;o một trường đại học uy t&iacute;n, lấy được tấm bằng danh gi&aacute; để kiếm c&ocirc;ng việc c&oacute; mức lương cao.</p>\r\n\r\n<p>V&igrave; vậy, khi điểm số của c&ocirc; bắt đầu trượt dốc từ th&aacute;ng 9/2017 - thời điểm bắt đầu bước v&agrave;o năm cuối trung học - Xiao sẵn s&agrave;ng thử bất cứ điều g&igrave; để cải thiện ch&uacute;ng, thậm ch&iacute; l&agrave; d&ugrave;ng c&aacute;c loại thuốc bất hợp ph&aacute;p.</p>\r\n\r\n<p>Ban đầu, Xiao He d&ugrave;ng Ritalin - một loại thuốc k&iacute;ch th&iacute;ch thần kinh chỉ d&ugrave;ng theo toa, thường được sử dụng để điều trị chứng rối loạn tăng động giảm ch&uacute; &yacute;. Sau đ&oacute;, c&ocirc; trở n&ecirc;n nghiện Methamphetamines - một loại ma t&uacute;y tổng hợp m&agrave; việc sản xuất, bu&ocirc;n b&aacute;n, vận chuyển v&agrave; sở hữu ch&uacute;ng l&agrave; bất hợp ph&aacute;p ở Trung Quốc. Đến th&aacute;ng 10 năm ngo&aacute;i, khi Xiao phải v&agrave;o trại cai nghiện cũng l&agrave; l&uacute;c c&ocirc; bắt đầu gặp ảo gi&aacute;c, t&oacute;c rụng th&agrave;nh từng mảng.</p>\r\n\r\n<p><img src=\"http://localhost:8080/webtintuc//img/thuockttk.jpg\" /></p>\r\n\r\n<h3><small>Nhiều học sinh Trung Quốc t&igrave;m đến c&aacute;c loại thuốc k&iacute;ch th&iacute;ch thần kinh với hy vọng cải thiện khả năng học tập.</small></h3>\r\n\r\n<p>&nbsp;</p>\r\n', 62, 2, 2, 7),
(16, '10X nhận giải diễn viên xuất sắc, có cha là doanh nhân nổi tiếng', 'Vicky Chen (sinh năm 2003, đến từ Trung Quốc) gây ấn tượng khi giành giải thưởng Kim Mã cho hạng mục Diễn viên phụ xuất sắc nhất.', 'img/songtre_3.jpg', '2019-06-18 21:40:50', '<p>Năm 2017, Vicky Chen (nghệ danh Wen Qi) l&agrave; người trẻ tuổi nhất gi&agrave;nh chiến thắng tại giải thưởng Kim M&atilde;, hạng mục Diễn vi&ecirc;n phụ xuất sắc nhất với The Bold, the Corrupt, and Beautiful - bộ phim h&agrave;i về tội phạm, trong đ&oacute; tập trung v&agrave;o c&aacute;c sự kiện xung quanh một gia đ&igrave;nh gi&agrave;u c&oacute;. C&ocirc; cũng nhận được đề cử giải thưởng Kim M&atilde; cho Diễn vi&ecirc;n ch&iacute;nh xuất sắc nhất khi tham gia phim Angels Wear White khi mới 14 tuổi.</p>\r\n\r\n<p><img src=\"http://localhost:8080/webtintuc//img/vicky_chen1.jpg\" /></p>\r\n\r\n<h3><small>Vicky Chen sinh ng&agrave;y 10/8/2003 ở Đ&agrave;i Loan, Trung Quốc. Đến năm 2007, c&ocirc; c&ugrave;ng gia đ&igrave;nh chuyển đến T&ocirc; Ch&acirc;u v&agrave; lớn l&ecirc;n ở đ&oacute;. Cha c&ocirc; l&agrave; doanh nh&acirc;n nổi tiếng, song Vicky kh&ocirc;ng đi theo con đường kinh doanh của gia đ&igrave;nh m&agrave; b&eacute;n duy&ecirc;n với nghệ thuật thứ 7 từ rất sớm.</small></h3>\r\n\r\n<p><img src=\"http://localhost:8080/webtintuc//img/vicky_chen2.jpg\" /></p>\r\n\r\n<h3><small>Nữ diễn vi&ecirc;n 10X tham gia diễn xuất lần đầu với bộ phim truyền h&igrave;nh&nbsp;<em>Lady&#39;s House.&nbsp;</em>C&ocirc; g&acirc;y ấn tượng bởi cảnh kh&oacute;c trong buổi casting của m&igrave;nh. Khi đ&oacute; chỉ mới 10 tuổi nhưng Vicky đ&atilde; đảm nhận v&agrave; ho&agrave;n th&agrave;nh xuất sắc vai một học sinh trung học 15 tuổi.</small></h3>\r\n\r\n<p><img src=\"http://localhost:8080/webtintuc//img/vicky_chen3.jpg\" /></p>\r\n\r\n<h3><small>Xinh đẹp, n&eacute;t diễn xuất cuốn h&uacute;t v&agrave; ch&acirc;n thực l&agrave; những điểm nổi bật gi&uacute;p c&ocirc; n&agrave;ng sinh năm 2003 &quot;lọt v&agrave;o mắt xanh&quot; của nhiều đạo diễn. Sắc sảo, lạnh l&ugrave;ng trong nhiều vai diễn nhưng ngo&agrave;i đời, Vicky Chen được nhận x&eacute;t l&agrave; h&ograve;a đồng, vui vẻ đ&uacute;ng với lứa tuổi của m&igrave;nh.</small></h3>\r\n', 2, 2, 3, 7),
(17, 'Tính năng Apple loại bỏ 2 năm trước sẽ trở lại trên iPhone 11', 'Một bằng sáng chế mới đây cho thấy Apple có thể mang tính năng mở khoá bằng vân tay Touch ID trở lại trên iPhone, với nhiều nâng cấp mạnh mẽ.', 'img/congnghe_2.jpg', '2019-06-18 21:40:50', '<p>Phải đến th&aacute;ng 9,&nbsp;<a href=\"https://news.zing.vn/tieu-diem/iphone.html\">iPhone</a>&nbsp;11 mới ch&iacute;nh thức được ph&aacute;t h&agrave;nh. Tuy nhi&ecirc;n, một bằng s&aacute;ng chế của&nbsp;<a href=\"https://news.zing.vn/tieu-diem/cong-ty-apple.html\">Apple</a>&nbsp;đ&atilde; gợi &yacute; về t&iacute;nh năng bảo mật nhiều khả năng xuất hiện tr&ecirc;n mẫu điện thoại n&agrave;y.</p>\r\n\r\n<p><em>Cnet&nbsp;</em>dẫn nguồn từ&nbsp;<em>Patently Apple</em>, cho biết c&ocirc;ng ty c&oacute; trụ sở tại Cupertino đang ph&aacute;t triển c&ocirc;ng nghệ cảm biến v&acirc;n tay mới. Bằng s&aacute;ng chế được cấp h&ocirc;m thứ ba 30/4, cho thấy người d&ugrave;ng c&oacute; thể chạm v&agrave;o bất cứ vị tr&iacute; n&agrave;o tr&ecirc;n m&agrave;n h&igrave;nh để mở kh&oacute;a.</p>\r\n\r\n<p>Touch ID truyền thống, xuất hiện lần đầu tr&ecirc;n iPhone 5S năm 2013, chỉ hoạt động với n&uacute;t Home. Bản n&acirc;ng cấp lần n&agrave;y sẽ sử dụng c&ocirc;ng nghệ ghi nhận h&igrave;nh ảnh bằng s&oacute;ng để t&aacute;i lập bản đồ v&acirc;n tay người d&ugrave;ng, mở rộng khả năng nhận diện tr&ecirc;n một phạm vi lớn hơn.</p>\r\n\r\n<p><img src=\"http://localhost:8080/webtintuc//img/congnghe_nhandien.jpg\" /></p>\r\n\r\n<h3><small>Bằng s&aacute;ng chế cho thấy c&ocirc;ng nghệ nhận diện mới. Ảnh:&nbsp;<em>Patently Apple.</em></small></h3>\r\n\r\n<p>Bằng s&aacute;ng chế mới của Apple rất giống với c&ocirc;ng nghệ v&acirc;n tay si&ecirc;u &acirc;m m&agrave; Qualcomm đ&atilde; t&iacute;ch hợp v&agrave;o nền tảng chip Snapdragon 855.&nbsp;<a href=\"https://news.zing.vn/tieu-diem/galaxy-s10.html\">Galaxy S10</a>&nbsp;của Samsung l&agrave; d&ograve;ng sản phẩm nổi tiếng nhất &aacute;p dụng c&ocirc;ng nghệ n&agrave;y.</p>\r\n\r\n<p><em>Patenly Apple</em>&nbsp;cho biết hệ thống n&agrave;y cũng c&oacute; thể lập bản đồ tai v&agrave; m&aacute; của người d&ugrave;ng. Bản đồ n&agrave;y sẽ phục vụ cho việc n&acirc;ng cao trải nghiệm đ&agrave;m thoại, khi iPhone x&aacute;c minh được ai đang thực hiện cuộc gọi.</p>\r\n\r\n<p>Đ&acirc;y kh&ocirc;ng phải lần đầu T&aacute;o khuyết nghĩ đến việc bổ sung c&ocirc;ng nghệ si&ecirc;u &acirc;m v&agrave;o iPhone. Trong một bằng s&aacute;ng chế năm 2016, c&ocirc;ng ty đ&atilde; l&ecirc;n kế hoạch tạo ra chiếc điện thoại kh&ocirc;ng viền, n&uacute;t bấm hoặc bất cứ điểm dư thừa n&agrave;o ở mặt trước. Để l&agrave;m được điều đ&oacute;, Apple buộc phải t&igrave;m giải ph&aacute;p thay thế Touch ID, l&uacute;c bấy giờ được đặt tr&ecirc;n n&uacute;t home.</p>\r\n', 56, 2, 2, 6),
(18, 'Nhiều smartphone ở VN nhiễm mã độc và trở thành công cụ tấn công DDoS', 'Chuyên gia NexusGuard cho rằng nguyên nhân do tỷ lệ nhiễm mã độc trên thiết bị di động cao và thói quen không tắt smartphone kể cả khi ngủ của người dùng.', 'img/congnghe_3.jpg', '2019-06-18 21:40:50', '<p>Theo đ&aacute;nh gi&aacute; của c&aacute;c chuy&ecirc;n gia, tr&ecirc;n phạm vi to&agrave;n cầu, những năm gần đ&acirc;y, tấn c&ocirc;ng từ chối dịch vụ ph&acirc;n t&aacute;n (DDoS) v&agrave; c&aacute;c mạng m&aacute;y t&iacute;nh ma (Botnet) đang c&oacute; xu hướng tăng nhanh tr&ecirc;n thế giới cũng như tại Việt Nam. C&aacute;c cuộc tấn c&ocirc;ng mạng, trong đ&oacute; c&oacute; tấn c&ocirc;ng DDoS kh&ocirc;ng chỉ g&acirc;y thiệt hại cho c&aacute;c cơ quan, tổ chức, doanh nghiệp m&agrave; c&ograve;n c&oacute; thể ảnh hưởng tới kinh tế, ch&iacute;nh trị, quốc ph&ograve;ng, an ninh của c&aacute;c nước v&agrave; lợi &iacute;ch của từng người d&acirc;n.</p>\r\n\r\n<p>Trong th&ocirc;ng tin chia sẻ với c&aacute;c cơ quan, doanh nghiệp g&oacute;p mặt tại hội thảo &ldquo;Bảo vệ mạng v&agrave; dữ liệu khỏi c&aacute;c cuộc tấn c&ocirc;ng DDoS nhằm v&agrave;o c&aacute;c tổ chức, doanh nghiệp&rdquo; được Cục An to&agrave;n th&ocirc;ng tin, ICTnews phối hợp với NexusGuard Limited tổ chức ng&agrave;y 3/5 tại H&agrave; Nội, &ocirc;ng Dony Chong - Gi&aacute;m đốc Sản phẩm v&agrave; Tiếp thị của NexusGuard, &ocirc;ng Dony Chong cũng cho biết, trong khoảng 1 thập ni&ecirc;n vừa qua, tấn c&ocirc;ng DDoS đ&atilde; c&oacute; sự gia tăng mạnh cả về quy m&ocirc;, tần suất, thời lượng tấn c&ocirc;ng cũng như mức độ phức tạp, tinh vi của c&aacute;c loại h&igrave;nh, kỹ thuật tấn c&ocirc;ng.</p>\r\n\r\n<p><img src=\"http://localhost:8080/webtintuc//img/congnghe_3.jpg\" /></p>\r\n\r\n<h3><small>Theo nghi&ecirc;n cứu của NexusGuard về c&aacute;c nguồn tấn c&ocirc;ng DDoS trong qu&yacute; I/2019, nếu như trước năm 2017 c&oacute; tới hơn 90% c&aacute;c cuộc tấn c&ocirc;ng DDoS đến từ m&aacute;y t&iacute;nh th&igrave; hiện hơn 60% cuộc tấn c&ocirc;ng đến từ thiết bị di động. Ảnh:&nbsp;<em>TheVerge</em>.</small></h3>\r\n\r\n<p>Trong đ&oacute;, ri&ecirc;ng về thời lượng tấn c&ocirc;ng, nếu như thời điểm năm 2008, c&aacute;c cuộc tấn c&ocirc;ng DDoS c&oacute; thời lượng tương đối ngắn, để hiệu quả th&igrave; chỉ khoảng 6 - 8 giờ. Nhưng đến nay, thời lượng tấn c&ocirc;ng đ&atilde; d&agrave;i hơn rất nhiều, c&oacute; thể k&eacute;o d&agrave;i tới 19 ng&agrave;y, chiếm tới 2/3 thời gian của 1 th&aacute;ng, theo số liệu thống k&ecirc; năm 2018 của NexusGuard.</p>\r\n\r\n<p>Trong B&aacute;o c&aacute;o Nguy cơ tấn c&ocirc;ng DDoS qu&yacute; IV/2018 mới c&ocirc;ng bố, NexusGuard th&ocirc;ng tin: trong 3 th&aacute;ng cuối năm ngo&aacute;i, tr&ecirc;n phạm vi to&agrave;n cầu, c&aacute;c cuộc tấn c&ocirc;ng k&eacute;o d&agrave;i dưới 90 ph&uacute;t chiếm tới gần 43% tổng số c&aacute;c cuộc tấn c&ocirc;ng DDoS, tỷ lệ c&aacute;c cuộc tấn c&ocirc;ng c&oacute; thời lượng l&acirc;u hơn 90 ph&uacute;t chiếm tr&ecirc;n 57%. Trong đ&oacute;, số cuộc tấn c&ocirc;ng c&oacute; thời lượng từ 720 ph&uacute;t đến dưới 1.200 ph&uacute;t chiếm khoảng 19%; v&agrave; số cuộc tấn c&ocirc;ng d&agrave;i hơn 1.200 ph&uacute;t chiếm hơn 15%.</p>\r\n', 39, 2, 2, 6);
INSERT INTO `tintuc` (`id_news`, `tieude`, `mota`, `logo`, `ngaytao`, `noidung`, `luotxem`, `xetduyet`, `id_user`, `id_cate`) VALUES
(19, '\'Game of Thrones\' - bom tấn truyền hình kiêm dự án kinh doanh tiền tỷ', 'Mùa cuối của bom tấn truyền hình “Game of Thrones” đã đi được nửa đường. Tuy nhiên, HBO sẽ còn tiếp tục kiếm bộn tiền từ thiên sử thi về xứ Westeros.', 'img/kinhdoanh_2.jpg', '2019-06-18 21:40:50', '<p>Từ rượu vang, trang phục cho đến những tour du lịch, k&ecirc;nh truyền h&igrave;nh HBO v&agrave; c&aacute;c nh&agrave; b&aacute;n lẻ đ&atilde; kiếm được bộn tiền qua nhiều năm b&aacute;n sản phẩm li&ecirc;n quan đến series&nbsp;<em><a href=\"https://news.zing.vn/tieu-diem/game-of-thrones.html\">Game of Thrones</a></em>. Đ&acirc;y kh&ocirc;ng chỉ đơn thuần l&agrave; loạt phim truyền h&igrave;nh ăn kh&aacute;ch, m&agrave; c&ograve;n l&agrave; cơ hội kinh doanh khổng lồ, trị gi&aacute; h&agrave;ng tỷ USD.</p>\r\n\r\n<p>&ldquo;H&agrave;ng ng&agrave;n sản phẩm tr&ecirc;n to&agrave;n thế giới khiến ch&uacute;ng t&ocirc;i v&ocirc; c&ugrave;ng bận rộn đến mức kh&ocirc;ng thể dừng lại v&agrave; đếm số lượng được&rdquo;,&nbsp;<em>AP</em>&nbsp;dẫn lời &ocirc;ng Jeff Peters - Ph&oacute; chủ tịch mảng b&aacute;n lẻ của HBO - cho biết.</p>\r\n\r\n<p>C&aacute;c mặt h&agrave;ng c&oacute; li&ecirc;n quan đến thương hiệu&nbsp;<em>Game of Thrones&nbsp;</em>cực kỳ đa dạng, trải rộng từ đồ trang điểm, bia, đồ chơi cho đến thời trang cao cấp. Tất nhi&ecirc;n, danh tiếng của bộ phim kh&ocirc;ng đảm bảo rằng người h&acirc;m mộ sẽ đổ x&ocirc; đến c&aacute;c cửa hiệu.</p>\r\n\r\n<p><img src=\"http://localhost:8080/webtintuc//img/dany.jpg\" /></p>\r\n\r\n<h3><small><em>Game of Thrones</em>&nbsp;l&agrave; cơ hội kinh doanh lớn với c&aacute;c sản phẩm b&aacute;n lẻ. Ảnh:&nbsp;<em>HBO</em>.</small></h3>\r\n\r\n<p>&ldquo;Bạn kh&ocirc;ng thể th&agrave;nh c&ocirc;ng với c&aacute;c sản phẩm như HBO đ&atilde; l&agrave;m với&nbsp;<em>Game of Thrones</em>&nbsp;nếu bạn kh&ocirc;ng c&oacute; một chiến lược b&aacute;n h&agrave;ng hợp l&yacute;. Bộ phim truyền h&igrave;nh n&agrave;y hiện tượng to&agrave;n cầu v&agrave; mỗi quốc gia c&oacute; thể khai th&aacute;c theo một c&aacute;ch kh&aacute;c nhau&rdquo;, chuy&ecirc;n gia b&aacute;n lẻ Tony Lisanti nhận định.</p>\r\n\r\n<p>Pat Roney - CEO c&ocirc;ng ty rượu vang Vintage Wine Estate - chia sẻ rằng nhờ cơn sốt&nbsp;<em>Game of Thrones</em>&nbsp;tr&ecirc;n phạm vi to&agrave;n cầu, c&ocirc;ng ty đ&atilde; tiếp cận được thị trường của gần 40 quốc gia. C&ocirc;ng ty của &ocirc;ng Roney sản xuất loại rượu vang c&oacute; t&ecirc;n gọi Game of Thrones đ&atilde; được 3 năm.</p>\r\n\r\n<p>&Ocirc;ng Andrew Aley, Gi&aacute;m đốc khu vực của TripAdvisor, đ&aacute;nh gi&aacute; c&aacute;c tour du lịch tham quan những địa điểm quay phim ở Croatia v&agrave; Ireland đ&atilde; th&uacute;c đẩy nền kinh tế địa phương một c&aacute;ch đ&aacute;ng kể. &ldquo;V&iacute; dụ điển h&igrave;nh l&agrave; Bắc Ireland. Những nơi từng &iacute;t được biết đến nay trở th&agrave;nh những trụ cột của ng&agrave;nh c&ocirc;ng nghiệp du lịch&rdquo;, &ocirc;ng Aley n&oacute;i.</p>\r\n\r\n<p>Nhưng kh&ocirc;ng phải l&uacute;c n&agrave;o HBO cũng t&igrave;m được đối t&aacute;c b&aacute;n lẻ cho&nbsp;<em>Game of Thrones</em>.</p>\r\n', 19, 2, 3, 5),
(20, 'Viettel Global lãi gần 2.000 tỷ đồng trong năm 2018', 'Theo kết quả kinh doanh hợp nhất năm 2018 đã kiểm toán, nếu không tính khoản lỗ kế hoạch ở Myanmar, Viettel Global đã lãi gần 2.000 tỷ đồng.', 'img/kinhdoanh_3.jpeg', '2019-06-18 21:40:50', '<p>Tổng CTCP Đầu tư Quốc tế Viettel - Viettel Global (VGI) vừa c&ocirc;ng bố kết quả kinh doanh hợp nhất năm 2018 đ&atilde; qua kiểm to&aacute;n. Trong đ&oacute;, t&iacute;nh theo lũy kế cả năm 2018, Viettel Global đạt&nbsp;16.867 tỷ đồng&nbsp;doanh thu thuần, giảm hơn 2.100 so với năm trước, chủ yếu l&agrave; do doanh thu kinh doanh thiết bị giảm từ gần 3.900 tỷ xuống&nbsp;1.300 tỷ đồng. Việc thu hẹp mảng kinh doanh thiết bị vốn c&oacute; tỷ suất lợi nhuận thấp l&agrave; chủ trương đ&atilde; được Viettel Global đưa ra từ đầu năm, để tập trung v&agrave;o lĩnh vực cốt l&otilde;i l&agrave; dịch vụ viễn th&ocirc;ng.</p>\r\n\r\n<p>Doanh thu dịch vụ tiếp tục tăng hơn 400 tỷ so với năm 2017, đạt tr&ecirc;n&nbsp;15.500 tỷ đồng. Đ&acirc;y cũng l&agrave; mức cao nhất từ trước đến nay của c&ocirc;ng ty.</p>\r\n\r\n<p><img src=\"http://localhost:8080/webtintuc//img/Viettel_hoi_tu_10_thi_truong_quoc_te.jpg\" /></p>\r\n\r\n<h3><small>Đội ngũ trẻ trung, năng động của Viettel Global.</small></h3>\r\n\r\n<p>Tỷ trọng doanh thu dịch vụ tr&ecirc;n tổng doanh thu năm 2018 chiếm đến 92% - mức cao nhất kể từ năm 2012 khi Viettel Global bắt đầu mở rộng sang khu vực ch&acirc;u Phi. Nhờ tập trung v&agrave;o dịch vụ c&oacute; tỷ suất lợi nhuận cao, n&ecirc;n d&ugrave; tổng doanh thu c&oacute; giảm so với năm ngo&aacute;i, nhưng lợi nhuận gộp vẫn tiếp tục lập kỷ lục mới trong c&ocirc;ng ty, đạt hơn&nbsp;5.300 tỷ đồng, tăng 19% so với năm trước. Tỷ suất lợi nhuận gộp đạt 31,5% - mức cao nhất trong 4 năm trở lại đ&acirc;y.</p>\r\n\r\n<p>Về cơ cấu doanh thu, đ&oacute;ng g&oacute;p ch&iacute;nh v&agrave;o vẫn l&agrave; hai thị trường ch&acirc;u Phi v&agrave; ASEAN, đạt lần lượt 7.100 tỷ v&agrave;&nbsp;6.100 tỷ đồng. Thị trường Mỹ Latin đ&oacute;ng g&oacute;p gần&nbsp;2.300 tỷ đồng. Hai mạng viễn th&ocirc;ng tại L&agrave;o v&agrave; Myanmar kh&ocirc;ng hợp nhất v&agrave;o doanh thu, do Viettel Global nắm giữ dưới 50% vốn.</p>\r\n\r\n<p>Trong năm qua, Viettel Global cũng đẩy mạnh cắt giảm chi ph&iacute;, với kết quả giảm được&nbsp;650 tỷ đồng&nbsp;chi ph&iacute; quản l&yacute; v&agrave; chi ph&iacute; b&aacute;n h&agrave;ng so với năm 2017.</p>\r\n\r\n<p>Với c&aacute;c yếu tố tr&ecirc;n, trong điều kiện tương đương năm 2017 (kh&ocirc;ng c&oacute; khoản lỗ kế hoạch của thị trường Myanmar) th&igrave; lợi nhuận của Viettel Global c&oacute; thể đạt được gần&nbsp;2.000 tỷ đồng. Tuy nhi&ecirc;n, do thị trường Myanmar đầu tư lớn trong năm đầu đi v&agrave;o vận h&agrave;nh, n&ecirc;n Viettel Global ghi nhận khoản lỗ trước thuế khoảng&nbsp;139 tỷ đồng.</p>\r\n\r\n<p>Với thị trường Myanmar, d&ugrave; mới đi v&agrave;o hoạt động nhưng đ&acirc;y l&agrave; thị trường đạt tăng trưởng ấn tượng nhất trong lịch sử đầu tư nước ngo&agrave;i của Viettel Global. Chỉ sau hơn 6 th&aacute;ng khai trương, Mytel - thương hiệu của Viettel tại đ&acirc;y - vượt mốc 5 triệu thu&ecirc; bao, con số nhiều thị trường tr&ecirc;n to&agrave;n cầu, trong đ&oacute; c&oacute; Việt Nam phải mất nhiều năm mới đạt được.</p>\r\n\r\n<p>Đến th&aacute;ng 4, Mytel đ&atilde; vươn l&ecirc;n vị tr&iacute; top 3 nh&agrave; mạng lớn nhất tại Myanmar, chiếm 14% thị phần chỉ trong thời gian 8 th&aacute;ng kinh doanh. Dự kiến, Mytel sẽ c&oacute; l&atilde;i trong năm 2019 v&agrave; tiếp tục l&agrave; động lực tăng trưởng lớn nhất của Viettel Global.</p>\r\n\r\n<p>C&aacute;c c&ocirc;ng ty thị trường của Viettel cũng đạt được kết quả kinh doanh tốt trong năm 2018, như Natcom (thương hiệu tại Haiti) sau thời gian kinh doanh đ&atilde; bắt đầu đem về cổ tức cho Viettel Global, tăng trưởng 520%; Lumitel (thương hiệu tại Burundi) tăng trưởng 226%. Hai thị trường Metfone v&agrave; Unitel lợi nhuận đạt mức tăng cao nhất trong 4 năm trở lại đ&acirc;y (Metfone tăng 11%, Unitel tăng 16%). Telemor (thương hiệu tại Đ&ocirc;ng Timor) l&agrave; nh&agrave; mạng đầu ti&ecirc;n cung cấp dịch vụ v&iacute; điện tử v&agrave; thanh to&aacute;n di động tại Timor, tiếp tục duy tr&igrave; vững chắc vị thế tại thị trường n&agrave;y cả về thị phần, doanh thu, hạ tầng mạng lưới, c&ocirc;ng nghệ v&agrave; thương hiệu.</p>\r\n\r\n<p>Từ đầu năm 2019 đến nay, cổ phiếu VGI của Viettel Global đ&atilde; tăng mạnh, với mức đỉnh gần 28.000 đồng v&agrave;o giữa th&aacute;ng 3 - tăng gấp đ&ocirc;i so với cuối năm 2018. Hiện tại, VGI dao động quanh mức 22.500 đồng, tương ứng với vốn h&oacute;a thị trường đạt hơn&nbsp;50.000 tỷ đồng&nbsp;(2,2 tỷ USD).</p>\r\n', 2, 2, 2, 5),
(21, 'Mỹ phái tàu sân bay, máy bay ném bom tới Trung Đông \'dằn mặt\' Iran', 'Mỹ triển khai cụm tàu sân bay tác chiến và đội đặc nhiệm máy bay ném bom để đáp trả những gì mà nước này gọi là \"dấu hiệu và cảnh báo leo thang và gây rắc rối\" từ Iran.', 'img/thegioi_2.jpg', '2019-06-18 21:40:50', '<p>Cố vấn an ninh quốc gia John Bolton tuy&ecirc;n bố cụm t&agrave;u s&acirc;n bay t&aacute;c chiến&nbsp;USS Abraham Lincoln v&agrave; đội m&aacute;y bay n&eacute;m bom&nbsp;sẽ được triển khai đến khu vực&nbsp;<a href=\"https://news.zing.vn/tieu-diem/trung-dong.html\">Trung Đ&ocirc;ng</a>&nbsp;- vốn nằm trong tầm kiểm so&aacute;t của Bộ Tư lệnh Trung t&acirc;m thuộc Lầu Năm G&oacute;c.</p>\r\n\r\n<p>&quot;Để đối ph&oacute; với một số dấu hiệu v&agrave; cảnh b&aacute;o đ&aacute;ng lo ngại v&agrave; leo thang,&nbsp;<a href=\"https://news.zing.vn/tieu-diem/hop-chung-quoc-hoa-ky.html\">Mỹ</a>&nbsp;đang triển khai cụm t&agrave;u s&acirc;n bay t&aacute;c chiến USS Abraham Lincoln v&agrave; lực lượng đặc nhiệm n&eacute;m bom tới khu vực của Bộ Tư lệnh Trung t&acirc;m Mỹ để gửi th&ocirc;ng điệp r&otilde; r&agrave;ng v&agrave; kh&ocirc;ng thể nhầm lẫn tới chế độ&nbsp;<a href=\"https://news.zing.vn/tieu-diem/iran.html\">Iran</a>&nbsp;rằng bất kỳ tấn c&ocirc;ng n&agrave;o v&agrave;o lợi &iacute;ch của Mỹ hoặc v&agrave;o những đồng minh của ch&uacute;ng t&ocirc;i sẽ đối mặt với vũ lực&quot;, &ocirc;ng Bolton n&oacute;i.</p>\r\n\r\n<p><img src=\"http://localhost:8080/webtintuc//img/tau_san_bay.jpg\" /></p>\r\n\r\n<h3><small><a href=\"https://news.zing.vn/tieu-diem/tau-san-bay.html\">T&agrave;u s&acirc;n bay</a>&nbsp;lớp Nimitz thuộc cụm t&agrave;u s&acirc;n bay USS Abraham Lincoln đi qua Eo biển Hormuz, ng&agrave;y 15/2/2012. Ảnh:&nbsp;<em>AP</em>.</small></h3>\r\n\r\n<p>&quot;Mỹ kh&ocirc;ng mong muốn chiến tranh với Iran nhưng ch&uacute;ng t&ocirc;i sẵn s&agrave;ng đ&aacute;p trả bất kỳ cuộc tấn c&ocirc;ng n&agrave;o, d&ugrave; l&agrave; ủy quyền,&nbsp;Lực lượng Vệ binh C&aacute;ch mạng Hồi gi&aacute;o hay c&aacute;c lực lượng ch&iacute;nh quy của Iran&quot;, &ocirc;ng n&oacute;i th&ecirc;m.</p>\r\n\r\n<p>Theo&nbsp;<em>The Hill</em>, th&ocirc;ng b&aacute;o được đưa ra trong bối cảnh căng thẳng gia tăng giữa Washington v&agrave; Tehran. Mỹ đang t&igrave;m c&aacute;ch&nbsp;tăng cường &aacute;p lực l&ecirc;n ch&iacute;nh phủ Iran, c&ocirc;ng bố c&aacute;c lệnh trừng phạt mới nhắm v&agrave;o c&aacute;c quốc gia nước ngo&agrave;i nhận xuất khẩu dầu của Iran.</p>\r\n\r\n<p>Theo&nbsp;<em>Axios</em>,&nbsp;Nh&agrave; Trắng đang c&oacute; kế hoạch c&ocirc;ng bố c&aacute;c biện ph&aacute;p trừng phạt tiếp theo v&agrave;o cuối tuần n&agrave;y.</p>\r\n\r\n<p>Tuy&ecirc;n bố cũng được đưa ra khi c&aacute;c vụ bạo lực mới b&ugrave;ng ph&aacute;t giữa&nbsp;<a href=\"https://news.zing.vn/tieu-diem/israel.html\">Israel</a>&nbsp;v&agrave; người&nbsp;<a href=\"https://news.zing.vn/tieu-diem/palestine.html\">Palestine</a>&nbsp;ở Gaza.&nbsp;Nh&oacute;m Hồi gi&aacute;o Jihad&nbsp;ở Gaza được coi l&agrave; lực lượng ủy nhiệm của Iran.</p>\r\n\r\n<p>Hồi th&aacute;ng 4, Mỹ đ&atilde; gọi Lực lượng Vệ binh C&aacute;ch mạng Hồi gi&aacute;o của Iran l&agrave;&nbsp;tổ chức khủng bố nước ngo&agrave;i. Iran đ&aacute;p trả bằng c&aacute;ch gọi to&agrave;n bộ qu&acirc;n đội Mỹ ở Trung Đ&ocirc;ng l&agrave; khủng bố.</p>\r\n\r\n<p>&nbsp;</p>\r\n', 98, 2, 3, 2),
(22, 'Ảnh vệ tinh \'triệu lần có một\' về vệt khói tên lửa Triều Tiên', 'Một hình ảnh vệ tinh mới do CNN thu được cho thấy vệt khói từ vụ phóng tên lửa vào ngày 3/5 của Triều Tiên có khả năng là tên lửa tầm ngắn.', 'img/thegioi_3.jpg', '2019-06-18 21:40:50', '<p>&quot;Tất cả c&aacute;c yếu tố bao gồm vị tr&iacute; của vụ ph&oacute;ng, sự xuất hiện của kh&oacute;i xả d&agrave;y v&agrave; thực tế l&agrave; chỉ c&oacute; một vệt t&ecirc;n lửa cho thấy đ&acirc;y l&agrave; t&ecirc;n lửa đạn đạo tầm ngắn m&agrave;&nbsp;Triều Ti&ecirc;n&nbsp;n&oacute;i tới&quot;,&nbsp;Jeffrey Lewis, gi&aacute;m đốc Chương tr&igrave;nh Kh&ocirc;ng phổ biến hạt nh&acirc;n Đ&ocirc;ng &Aacute; tại Viện Middlebury, n&oacute;i với&nbsp;<em>CNN</em>.</p>\r\n\r\n<p>Một quan chức&nbsp;Mỹ&nbsp;n&oacute;i rằng&nbsp;ph&acirc;n t&iacute;ch ban đầu cho thấy c&aacute;c vụ ph&oacute;ng &quot;dường như l&agrave; cả MLRS (hệ thống t&ecirc;n lửa ph&oacute;ng loạt) v&agrave; thứ c&oacute; vẻ như l&agrave; t&ecirc;n lửa đạn đạo tầm ngắn&quot;.</p>\r\n\r\n<p><img src=\"http://localhost:8080/webtintuc//img/thegioi_3.jpg\" /></p>\r\n\r\n<h3><small>H&igrave;nh ảnh vệ tinh từ vụ ph&oacute;ng t&ecirc;n lửa của Triều Ti&ecirc;n s&aacute;ng 3/5. Ảnh:&nbsp;<em>CNN</em>.</small></h3>\r\n\r\n<p>&Ocirc;ng Lewis cho biết Triều Ti&ecirc;n đ&atilde; bắt đầu bắn một loạt c&aacute;c t&ecirc;n lửa tầm ngắn từ khoảng 9h06 s&aacute;ng 4/5 (giờ địa phương). V&agrave;o khoảng 10h ,&nbsp;B&igrave;nh Nhưỡng bắn một t&ecirc;n lửa kh&aacute;c. H&igrave;nh ảnh của vụ ph&oacute;ng v&agrave; l&agrave;n kh&oacute;i bốc l&ecirc;n được Planet Labs, c&ocirc;ng ty l&agrave;m việc với Viện Middlebury, chụp lại.</p>\r\n\r\n<p>&quot;Đ&acirc;y l&agrave; bức ảnh triệu lần c&oacute; một.&nbsp;T&ecirc;n lửa được bắn ngay trong khoảng thời gian n&agrave;y v&agrave; bức ảnh được chụp trong v&ograve;ng v&agrave;i gi&acirc;y, c&oacute; thể l&agrave; v&agrave;i ph&uacute;t&quot;, &ocirc;ng Lewis n&oacute;i.</p>\r\n\r\n<p>Ph&aacute;t biểu tr&ecirc;n<em>&nbsp;ABC News</em>,&nbsp;Ngoại trưởng Mỹ Mike Pompeo&nbsp;x&aacute;c nhận t&ecirc;n lửa n&agrave;y c&oacute; &quot;tầm bắn tương đối ngắn&quot; v&agrave; &quot;đ&aacute;p xuống v&ugrave;ng nước ph&iacute;a đ&ocirc;ng của Triều Ti&ecirc;n v&agrave; kh&ocirc;ng g&acirc;y ra mối đe dọa cho Mỹ hoặc&nbsp;H&agrave;n Quốc&nbsp;hay&nbsp;Nhật Bản&quot;.</p>\r\n\r\n<p>Theo &ocirc;ng Lewis, vụ thử t&ecirc;n lửa&nbsp;đầu ti&ecirc;n của Triều Ti&ecirc;n kể từ năm 2017 l&agrave; lời cảnh b&aacute;o r&otilde; r&agrave;ng&nbsp;về sự thất vọng của nh&agrave; l&atilde;nh đạo&nbsp;Kim Jong Un&nbsp;trước t&igrave;nh trạng đ&agrave;m ph&aacute;n với Mỹ, vốn đ&atilde; bế tắc kể từ khi Tổng thống&nbsp;Donald Trump&nbsp;rời khỏi hội nghị thượng đỉnh ở Việt Nam hồi đầu th&aacute;ng 2.</p>\r\n\r\n<p>Vụ ph&oacute;ng t&ecirc;n lửa diễn ra sau cuộc gặp gỡ nồng nhiệt giữa &ocirc;ng Kim v&agrave; Tổng thống&nbsp;Nga&nbsp;Vladimir Putin chưa đầy hai tuần v&agrave; c&oacute; khả năng b&aacute;o hiệu nhiều thử nghiệm sắp tới.</p>\r\n', 92, 2, 2, 2),
(23, 'Người mang án tử vắng mặt tại phiên xử cựu Tổng giám đốc PVEP', 'Tại phiên xử sơ thẩm dàn lãnh đạo PVEP, tòa triệu tập cựu Phó tổng giám đốc Oceanbank Nguyễn Xuân Sơn. Tuy nhiên, bị cáo đang mang án tử có đơn xin vắng mặt.', 'img/phapluat_2.jpg', '2019-06-18 21:40:50', '<p>S&aacute;ng 6/5, TAND H&agrave; Nội x&eacute;t xử sơ thẩm bị c&aacute;o Đỗ Văn Khạnh&nbsp;(58 tuổi, cựu Tổng gi&aacute;m đốc Tổng c&ocirc;ng ty thăm d&ograve; khai th&aacute;c dầu kh&iacute; - PVEP)&nbsp;về tội Lạm dụng chức vụ, quyền hạn chiếm đoạt t&agrave;i sản.</p>\r\n\r\n<p>Hầu t&ograve;a với c&ugrave;ng tội danh truy tố n&agrave;y c&ograve;n c&oacute; 2 bị c&aacute;o&nbsp;từng l&agrave; thuộc cấp của &ocirc;ng Khạnh, gồm Vũ Thị Ngọc Lan (46 tuổi, cựu Ph&oacute; tổng gi&aacute;m đốc) v&agrave; Nguyễn Tuấn H&ugrave;ng (48 tuổi, cựu Trưởng ban T&agrave;i ch&iacute;nh).</p>\r\n\r\n<p>Phi&ecirc;n t&ograve;a dự kiến diễn ra trong 2 ng&agrave;y. T&ograve;a triệu tập&nbsp;<a href=\"https://news.zing.vn/tieu-diem/nguyen-xuan-son.html\">Nguyễn Xu&acirc;n Sơn</a>&nbsp;(cựu Ph&oacute; tổng gi&aacute;m đốc Oceanbank, đang mang &aacute;n tử h&igrave;nh) v&agrave;&nbsp;<a href=\"https://news.zing.vn/tieu-diem/ha-van-tham.html\">H&agrave; Văn Thắm</a>&nbsp;(cựu Chủ tịch Oceanbank đang thụ &aacute;n chung th&acirc;n). Tuy nhi&ecirc;n, &ocirc;ng Sơn c&oacute; đơn xin x&eacute;t xử vắng mặt. C&ograve;n luật sư Nguyễn Xu&acirc;n Anh được &ocirc;ng Thắm ủy quyền đến t&ograve;a tham gia tố tụng.</p>\r\n\r\n<p><img src=\"http://localhost:8080/webtintuc//img/phapluat_2.jpg\" /></p>\r\n\r\n<h3><small>Cựu Tổng gi&aacute;m đốc PVEP Đỗ Văn Khạnh</small></h3>\r\n\r\n<p>VKSND Tối cao c&aacute;o buộc giai đoạn 2009-2014, Tập đo&agrave;n Dầu kh&iacute; (PVN) chỉ đạo c&aacute;c đơn vị th&agrave;nh vi&ecirc;n ưu ti&ecirc;n sử dụng dịch vụ của Ng&acirc;n h&agrave;ng Oceanbank.</p>\r\n\r\n<p>Thực hiện chủ trương đ&oacute;, từ 2012-2014, &ocirc;ng Khạnh giao Vũ Thị Ngọc Lan ph&ecirc; duyệt c&aacute;c tờ tr&igrave;nh của Ban T&agrave;i ch&iacute;nh li&ecirc;n quan việc gửi tiền, gia hạn hợp đồng tiền gửi của PVEP tại Oceanbank chi nh&aacute;nh Thăng Long.</p>\r\n\r\n<p>Nguyễn Tuấn H&ugrave;ng khi đ&oacute; với vai tr&ograve; Trưởng ban T&agrave;i ch&iacute;nh đ&atilde; trực tiếp đề xuất, k&yacute; tờ tr&igrave;nh hợp đồng gửi tiền tr&igrave;nh Vũ Thị Ngọc Lan.</p>\r\n\r\n<p>Nhận tiền gửi của đối t&aacute;c, H&agrave; Văn Thắm chỉ đạo Nguyễn Thị Minh Phương (cựu Ph&oacute; tổng gi&aacute;m đốc ng&acirc;n h&agrave;ng) ph&acirc;n c&ocirc;ng Nguyễn Tr&agrave; My (cựu Ph&oacute; gi&aacute;m đốc chi nh&aacute;nh Thăng Long) chi gần 52 tỷ tiền l&atilde;i ngo&agrave;i hợp đồng cho Nguyễn Tuấn H&ugrave;ng để chăm s&oacute;c d&agrave;n l&atilde;nh đạo PVEP.</p>\r\n\r\n<p>Tại cơ quan điều tra, H&ugrave;ng khai &ocirc;ng ta chỉ nhận khoảng 40 tỷ của nh&agrave; băng. Tuy nhi&ecirc;n, VKSND Tối cao c&oacute; căn cứ x&aacute;c định, bị can 48 tuổi đ&atilde; nhận rồi chi ti&ecirc;u gần 52 tỷ.</p>\r\n\r\n<p>Cơ quan c&ocirc;ng tố c&aacute;o buộc &ocirc;ng Khạnh đ&atilde; nhận hơn&nbsp;4 tỷ đồng, b&agrave; Lan nhận 200 triệu đồng. Hai người n&agrave;y đ&atilde; khắc phục số tiền chiếm đoạt.</p>\r\n\r\n<p>Qu&aacute; tr&igrave;nh điều tra, Nguyễn Tuấn H&ugrave;ng chưa khai nhận hết h&agrave;nh vi v&agrave; c&ograve;n khai đ&atilde; đưa tiền l&atilde;i ngo&agrave;i cho một số người kh&aacute;c. Cơ quan điều tra tiếp tục mở rộng vụ &aacute;n.</p>\r\n', 22, 2, 3, 8),
(24, 'Cá voi, tắc kè và những điệp viên quân sự kỳ lạ nhất thế giới', 'Không chỉ có cá voi, cơ quan tình báo khắp thế giới có thể đã sử dụng cả bồ câu, mèo, đại bàng, bồ nông... cho các nhiệm vụ gián điệp.', 'img/congnghe_1.jpg', '2019-06-18 21:40:50', '<p><img src=\"http://localhost:8080/webtintuc/img/cavoi1.jpg\" /></p>\r\n\r\n<p>Sự kiện Na Uy ph&aacute;t hiện c&aacute; voi c&oacute; đeo thiết bị đặc biệt từ Nga một lần nữa củng cố tin đồn về chương tr&igrave;nh huấn luyện động vật gi&aacute;n điệp của quốc gia n&agrave;y. Theo Insider, Viktor Baranets, một đại t&aacute; qu&acirc;n đội Nga, từng trả lời tr&ecirc;n truyền h&igrave;nh rằng nước n&agrave;y kh&ocirc;ng sử dụng c&aacute; voi l&agrave;m gi&aacute;n điệp m&agrave; huấn luyện ch&uacute;ng cho mục đ&iacute;ch chiến đấu.</p>\r\n\r\n<p><img src=\"http://localhost:8080/webtintuc/img/congnghe_1.jpg\" /></p>\r\n\r\n<p>Từ những năm 1960, Hải qu&acirc;n Mỹ đ&atilde; sử dụng c&aacute; heo để t&igrave;m m&igrave;n dưới nước v&agrave; ph&aacute;t hiện t&agrave;u ngầm. Nga cũng đ&atilde; huấn luyện c&aacute; heo cho c&aacute;c nhiệm vụ tương tự. V&agrave;o năm 2015, Hamas c&aacute;o buộc Israel sử dụng một con c&aacute; heo để theo d&otilde;i họ, mặc d&ugrave; c&oacute; giải th&iacute;ch rằng thiết bị gắn v&agrave;o c&aacute; heo chỉ nhằm t&igrave;m hiểu qu&aacute; tr&igrave;nh di cư của ch&uacute;ng.</p>\r\n\r\n<p><img src=\"http://localhost:8080/webtintuc/img/bocau1.jpg\" /></p>\r\n\r\n<p>Bồ c&acirc;u được sử dụng v&agrave;o mục đ&iacute;ch truyền tin qu&acirc;n sự từ xa xưa. Trong lịch sử hiện đại, ch&uacute;ng được huấn luyện để do th&aacute;m t&igrave;nh h&igrave;nh đối phương, mang theo thiết bị dẫn đường cho t&ecirc;n lửa. Theo tạp ch&iacute;&nbsp;<em>Smithsonian</em>, trong những năm 1960 v&agrave; 1970, qu&acirc;n đội Mỹ đ&atilde; d&ugrave;ng chim bồ c&acirc;u bay qua l&atilde;nh thổ của kẻ th&ugrave; v&agrave; ngăn chặn c&aacute;c cuộc phục k&iacute;ch c&oacute; thể xảy ra bằng c&aacute;ch thả thiết bị ghi &acirc;m khi nh&igrave;n thấy qu&acirc;n địch. Pakistan cũng bị c&aacute;o buộc sử dụng chim bồ c&acirc;u v&agrave;o mục đ&iacute;ch do th&aacute;m Ấn Độ.</p>\r\n\r\n<p><img src=\"http://localhost:8080/webtintuc/img/meoquansu1.jpg\" /></p>\r\n\r\n<p>Trong những năm 1960, CIA đ&atilde; chi khoảng&nbsp;10 triệu USD&nbsp;để phẫu thuật m&egrave;o, biến ch&uacute;ng trở th&agrave;nh thiết bị ghi &acirc;m di động để do th&aacute;m t&igrave;nh h&igrave;nh b&ecirc;n trong đại sứ qu&aacute;n Li&ecirc;n X&ocirc;. Tuy nhi&ecirc;n, dự &aacute;n c&oacute; t&ecirc;n Acoustic Kitty n&agrave;y đ&atilde; bị hủy bỏ v&agrave;o năm 1967 v&igrave; những &quot;điệp vi&ecirc;n m&egrave;o&quot; thường đi lang lang khắp nơi, kh&ocirc;ng thực hiện &quot;nhiệm vụ&quot; của ch&uacute;ng.</p>\r\n', 12, 2, 2, 6);

--
-- Chỉ mục cho các bảng đã đổ
--

--
-- Chỉ mục cho bảng `binhluan`
--
ALTER TABLE `binhluan`
  ADD PRIMARY KEY (`id_cm`),
  ADD KEY `fk_binhluan_id_user` (`id_user`),
  ADD KEY `fk_binhluan_id_news` (`id_news`);

--
-- Chỉ mục cho bảng `chuyenmuc`
--
ALTER TABLE `chuyenmuc`
  ADD PRIMARY KEY (`id_cate`);

--
-- Chỉ mục cho bảng `hinhanh`
--
ALTER TABLE `hinhanh`
  ADD PRIMARY KEY (`id_img`),
  ADD KEY `fk_hinhanh_id_news` (`id_news`),
  ADD KEY `fk_hinhanh_id_user` (`id_user`);

--
-- Chỉ mục cho bảng `taikhoan`
--
ALTER TABLE `taikhoan`
  ADD PRIMARY KEY (`id_user`);

--
-- Chỉ mục cho bảng `tintuc`
--
ALTER TABLE `tintuc`
  ADD PRIMARY KEY (`id_news`),
  ADD KEY `fk_tintuc_id_cate` (`id_cate`),
  ADD KEY `fk_tintuc_id_user` (`id_user`);

--
-- AUTO_INCREMENT cho các bảng đã đổ
--

--
-- AUTO_INCREMENT cho bảng `binhluan`
--
ALTER TABLE `binhluan`
  MODIFY `id_cm` int(11) NOT NULL AUTO_INCREMENT, AUTO_INCREMENT=6;

--
-- AUTO_INCREMENT cho bảng `chuyenmuc`
--
ALTER TABLE `chuyenmuc`
  MODIFY `id_cate` int(11) NOT NULL AUTO_INCREMENT, AUTO_INCREMENT=9;

--
-- AUTO_INCREMENT cho bảng `hinhanh`
--
ALTER TABLE `hinhanh`
  MODIFY `id_img` int(11) NOT NULL AUTO_INCREMENT, AUTO_INCREMENT=56;

--
-- AUTO_INCREMENT cho bảng `taikhoan`
--
ALTER TABLE `taikhoan`
  MODIFY `id_user` int(11) NOT NULL AUTO_INCREMENT, AUTO_INCREMENT=5;

--
-- AUTO_INCREMENT cho bảng `tintuc`
--
ALTER TABLE `tintuc`
  MODIFY `id_news` int(11) NOT NULL AUTO_INCREMENT, AUTO_INCREMENT=25;

--
-- Các ràng buộc cho các bảng đã đổ
--

--
-- Các ràng buộc cho bảng `binhluan`
--
ALTER TABLE `binhluan`
  ADD CONSTRAINT `fk_binhluan_id_news` FOREIGN KEY (`id_news`) REFERENCES `tintuc` (`id_news`) ON DELETE CASCADE ON UPDATE CASCADE,
  ADD CONSTRAINT `fk_binhluan_id_user` FOREIGN KEY (`id_user`) REFERENCES `taikhoan` (`id_user`) ON DELETE CASCADE ON UPDATE CASCADE;

--
-- Các ràng buộc cho bảng `hinhanh`
--
ALTER TABLE `hinhanh`
  ADD CONSTRAINT `fk_hinhanh_id_news` FOREIGN KEY (`id_news`) REFERENCES `tintuc` (`id_news`) ON DELETE CASCADE ON UPDATE CASCADE,
  ADD CONSTRAINT `fk_hinhanh_id_user` FOREIGN KEY (`id_user`) REFERENCES `taikhoan` (`id_user`) ON DELETE CASCADE ON UPDATE CASCADE;

--
-- Các ràng buộc cho bảng `tintuc`
--
ALTER TABLE `tintuc`
  ADD CONSTRAINT `fk_tintuc_id_cate` FOREIGN KEY (`id_cate`) REFERENCES `chuyenmuc` (`id_cate`) ON DELETE CASCADE ON UPDATE CASCADE,
  ADD CONSTRAINT `fk_tintuc_id_user` FOREIGN KEY (`id_user`) REFERENCES `taikhoan` (`id_user`) ON DELETE CASCADE ON UPDATE CASCADE;
COMMIT;

/*!40101 SET CHARACTER_SET_CLIENT=@OLD_CHARACTER_SET_CLIENT */;
/*!40101 SET CHARACTER_SET_RESULTS=@OLD_CHARACTER_SET_RESULTS */;
/*!40101 SET COLLATION_CONNECTION=@OLD_COLLATION_CONNECTION */;
